date,Symbol,title
2018-01-15,['FEDERALBNK'],Results on 15 Jan 2018
2018-01-16,['TV18BRDCST'],Results on 16 Jan 2018
2018-01-17,"['INFRATEL', 'ZEEL', 'MINDTREE', 'ADANIPOWER', 'HINDUNILVR', 'DCBBANK', 'SREINFRA']",Results on 17 Jan 2018
2018-01-18,"['ULTRACEMCO', 'BHARTIARTL', 'ADANIENT', 'ADANIPORTS', 'YESBANK', 'HINDZINC']",Results on 18 Jan 2018
2018-01-19,"['HDFCBANK', 'ITC', 'KOTAKBANK', 'NIITTECH', 'WIPRO', 'HCLTECH', 'ICICIPRULI', 'IDFCBANK', 'JPASSOCIAT', 'TATAELXSI', 'JUBLFOOD', 'PCJEWELLER', 'RELIANCE']",Results on 19 Jan 2018
2018-01-20,['CHENNPETRO'],Results on 20 Jan 2018
2018-01-22,"['ASIANPAINT', 'HAVELLS', 'VGUARD', 'JUSTDIAL', 'AXISBANK', 'DHFL']",Results on 22 Jan 2018
2018-01-23,"['IBULHSGFIN', 'RBLBANK', 'CANFINHOME', 'MCDOWELL-N', 'CHENNPETRO']",Results on 23 Jan 2018
2018-01-24,"['CANBK', 'PIDILITIND', 'BIOCON', 'CAPF', 'IDEA', 'RAYMOND', 'CONCOR', 'KPIT', 'INDIGO', 'M&MFIN']",Results on 24 Jan 2018
2018-01-25,"['UPL', 'DRREDDY', 'MARUTI', 'L&TFH', 'LICHSGFIN', 'AJANTPHARM', 'JINDALSTEL']",Results on 25 Jan 2018
2018-01-27,"['SRTRANSFIN', 'DIVISLAB']",Results on 27 Jan 2018
2018-01-29,"['RCOM', 'IDFC', 'WOCKPHARMA', 'TECHM', 'HDFC', 'CENTURYTEX']",Results on 29 Jan 2018
2018-01-30,"['TVSMOTOR', 'CHOLAFIN', 'IOC', 'RNAVAL', 'JISLJALEQS', 'BHARATFIN', 'GODREJCP', 'ENGINERSIN', 'RPOWER', 'PEL', 'BEL']",Results on 30 Jan 2018
2018-01-31,"['EQUITAS', 'ARVIND', 'EXIDEIND', 'KAJARIACER', 'PETRONET', 'PVR', 'NTPC', 'JSWSTEEL', 'RELINFRA', 'VEDL', 'ICICIBANK', 'DABUR', 'HCC', 'LT', 'ESCORTS']",Results on 31 Jan 2018
2018-02-01,"['CEATLTD', 'BAJFINANCE', 'MRF', 'BAJAJFINSV', 'CUMMINSIND', 'ASHOKLEY', 'TITAN', 'POWERGRID']",Results on 01 Feb 2018
2018-02-02,"['MRPL', 'TATAGLOBAL', 'UBL', 'BAJAJ-AUTO', 'HINDALCO']",Results on 02 Feb 2018
2018-02-03,['UNIONBANK'],Results on 03 Feb 2018
2018-02-05,"['TATAMTRDVR', 'BOSCHLTD', 'UJJIVAN', 'COLPAL', 'IFCI', 'TATAMOTORS']",Results on 05 Feb 2018
2018-02-06,"['RECLTD', 'LUPIN', 'OFSS', 'APOLLOTYRE', 'DISHTV', 'CASTROLIND', 'GSFC', 'HEROMOTOCO', 'SIEMENS', 'RAMCOCEM', 'TATACHEM', 'BERGEPAINT']",Results on 06 Feb 2018
2018-02-07,"['KSCL', 'EICHERMOT', 'SRF', 'CIPLA', 'BEML', 'TORNTPOWER', 'HEXAWARE', 'DALMIABHA', 'IGL', 'AUROPHARMA', 'VOLTAS']",Results on 07 Feb 2018
2018-02-08,"['CADILAHC', 'CESC', 'MANAPPURAM', 'TORNTPHARM', 'ANDHRABANK', 'PETRONET', 'PAGEIND', 'BHEL', 'GLENMARK', 'ACC', 'SAIL', 'BHARATFORG', 'BALRAMCHIN']",Results on 08 Feb 2018
2018-02-09,"['M&M', 'MFSL', 'MGL', 'BANKBARODA', 'SBIN', 'MARICO', 'BATAINDIA', 'OIL', 'NATIONALUM', 'INDIACEM', 'TATASTEEL', 'HINDPETRO']",Results on 09 Feb 2018
2018-02-10,"['AMARAJABAT', 'PTC']",Results on 10 Feb 2018
2018-02-12,"['CGPOWER', 'BRITANNIA', 'GSFC', 'GAIL', 'INDIANB', 'PFC', 'BANKINDIA', 'NHPC']",Results on 12 Feb 2018
2018-02-13,"['NMDC', 'MOTHERSUMI', 'NBCC', 'DLF', 'GMRINFRA', 'FORTIS', 'GODFRYPHLP']",Results on 13 Feb 2018
2018-02-14,"['APOLLOHOSP', 'HDIL', 'INFIBEAM', 'REPCOHOME', 'SUNPHARMA', 'BALKRISIND', 'JETAIRWAYS', 'ALBK', 'GODREJIND', 'GRASIM', 'NCC', 'TATAPOWER']",Results on 14 Feb 2018
2018-02-20,['AMBUJACEM'],Results on 20 Feb 2018
2018-04-13,['INFY'],Results on 13 Apr 2018
2018-04-14,['DCBBANK'],Results on 14 Apr 2018
2018-04-18,"['MINDTREE', 'ACC']",Results on 18 Apr 2018
2018-04-19,"['TCS', 'INDUSINDBK', 'RPOWER']",Results on 19 Apr 2018
2018-04-20,['IBULHSGFIN'],Results on 20 Apr 2018
2018-04-21,['HDFCBANK'],Results on 21 Apr 2018
2018-04-23,"['INFRATEL', 'CHOLAFIN', 'RELINFRA', 'RNAVAL', 'BHARATFIN', 'LICHSGFIN']",Results on 23 Apr 2018
2018-04-24,"['BHARTIARTL', 'TV18BRDCST', 'RAYMOND', 'ICICIPRULI', 'IDFCBANK']",Results on 24 Apr 2018
2018-04-25,"['ULTRACEMCO', 'WIPRO', 'M&MFIN']",Results on 25 Apr 2018
2018-04-26,"['BIOCON', 'RELCAPITAL', 'AXISBANK', 'YESBANK', 'TATAELXSI']",Results on 26 Apr 2018
2018-04-27,"['UPL', 'EQUITAS', 'SRTRANSFIN', 'MARUTI', 'RBLBANK', 'IDFC', 'HINDPETRO', 'RELIANCE']",Results on 27 Apr 2018
2018-04-28,"['SHREECEM', 'CANFINHOME', 'IDEA', 'SREINFRA']",Results on 28 Apr 2018
2018-04-30,"['CEATLTD', 'KOTAKBANK', 'DHFL', 'CONCOR', 'HDFC', 'HINDZINC']",Results on 30 Apr 2018
2018-05-01,['DABUR'],Results on 01 May 2018
2018-05-02,"['HCLTECH', 'AJANTPHARM', 'HEROMOTOCO', 'SIEMENS', 'MARICO', 'TATAPOWER', 'INDIGO', 'CENTURYTEX']",Results on 02 May 2018
2018-05-03,"['JSWENERGY', 'IRB', 'CASTROLIND', 'L&TFH', 'MRF', 'VEDL', 'HEXAWARE', 'ADANIPOWER', 'HCC', 'ADANIPORTS']",Results on 03 May 2018
2018-05-04,"['ICIL', 'PVR', 'NIITTECH', 'AMBUJACEM', 'WOCKPHARMA', 'CAPF']",Results on 04 May 2018
2018-05-07,"['EXIDEIND', 'ICICIBANK', 'TATACHEM']",Results on 07 May 2018
2018-05-08,"['KAJARIACER', 'GODREJCP', 'JUBLFOOD']",Results on 08 May 2018
2018-05-09,"['ARVIND', 'EICHERMOT', 'ORIENTBANK', 'FEDERALBNK', 'JINDALSTEL']",Results on 09 May 2018
2018-05-10,"['ZEEL', 'ASIANPAINT', 'APOLLOTYRE', 'UNIONBANK', 'UJJIVAN', 'ADANIENT', 'INDIANB', 'TITAN', 'TATACOMM', 'CHENNPETRO']",Results on 10 May 2018
2018-05-11,"['SUNTV', 'CANBK', 'OFSS', 'HAVELLS', 'ALBK', 'TATAGLOBAL']",Results on 11 May 2018
2018-05-14,"['SOUTHBANK', 'HINDUNILVR']",Results on 14 May 2018
2018-05-15,"['MRPL', 'LUPIN', 'RCOM', 'BRITANNIA', 'SYNDIBANK', 'PNB', 'KTKBANK']",Results on 15 May 2018
2018-05-16,"['TVSMOTOR', 'MUTHOOTFIN', 'ITC', 'JSWSTEEL', 'GSFC', 'AXISBANK', 'PTC', 'HINDALCO']",Results on 16 May 2018
2018-05-17,"['SRF', 'BALKRISIND', 'BAJFINANCE', 'BAJAJFINSV', 'ESCORTS', 'VOLTAS']",Results on 17 May 2018
2018-05-18,"['AMARAJABAT', 'MANAPPURAM', 'STAR', 'DALMIABHA', 'ASHOKLEY', 'BAJAJ-AUTO']",Results on 18 May 2018
2018-05-19,"['RCOM', 'JPASSOCIAT', 'BALRAMCHIN']",Results on 19 May 2018
2018-05-21,"['PETRONET', 'DLF', 'MGL', 'JUSTDIAL', 'COLPAL']",Results on 21 May 2018
2018-05-22,"['DRREDDY', 'ANDHRABANK', 'BOSCHLTD', 'CIPLA', 'IOC', 'SBIN', 'BATAINDIA', 'BHARATFORG', 'HINDPETRO']",Results on 22 May 2018
2018-05-23,"['CESC', 'TATAMTRDVR', 'MOTHERSUMI', 'REPCOHOME', 'JETAIRWAYS', 'GODREJIND', 'JISLJALEQS', 'GRASIM', 'IFCI', 'KPIT', 'IGL', 'RAMCOCEM', 'TATAMOTORS']",Results on 23 May 2018
2018-05-24,"['KSCL', 'GRANULES', 'PIDILITIND', 'GAIL', 'NCC', 'UBL', 'CUMMINSIND', 'MCDOWELL-N']",Results on 24 May 2018
2018-05-25,"['CADILAHC', 'SUNPHARMA', 'PAGEIND', 'MFSL', 'NBCC', 'BEML', 'BANKBARODA', 'ENGINERSIN', 'PFC', 'TECHM', 'IDBI', 'PCJEWELLER', 'INDIACEM']",Results on 25 May 2018
2018-05-26,"['DIVISLAB', 'NATIONALUM']",Results on 26 May 2018
2018-05-28,"['NMDC', 'RECLTD', 'NTPC', 'BANKINDIA', 'NHPC', 'PEL', 'LT', 'AUROPHARMA', 'OIL']",Results on 28 May 2018
2018-05-29,"['M&M', 'BHEL', 'TORNTPOWER', 'DISHTV', 'GLENMARK', 'COALINDIA', 'POWERGRID', 'BEL', 'BPCL', 'GODFRYPHLP']",Results on 29 May 2018
2018-05-30,"['APOLLOHOSP', 'HDIL', 'SUZLON', 'CANBK', 'TORNTPHARM', 'INFIBEAM', 'CGPOWER', 'ONGC', 'VGUARD', 'GMRINFRA', 'SAIL', 'FORTIS', 'BERGEPAINT']",Results on 30 May 2018
2018-06-11,['FORTIS'],Results on 11 Jun 2018
2018-06-25,['FORTIS'],Results on 25 Jun 2018
2018-07-09,['DISHTV'],Results on 09 Jul 2018
2018-07-10,"['TCS', 'INDUSINDBK']",Results on 10 Jul 2018
2018-07-12,['KTKBANK'],Results on 12 Jul 2018
2018-07-13,['INFY'],Results on 13 Jul 2018
2018-07-14,['DCBBANK'],Results on 14 Jul 2018
2018-07-16,['HINDUNILVR'],Results on 16 Jul 2018
2018-07-17,"['ZEEL', 'FEDERALBNK', 'ASHOKLEY']",Results on 17 Jul 2018
2018-07-18,"['ULTRACEMCO', 'NIITTECH', 'RCOM', 'MINDTREE']",Results on 18 Jul 2018
2018-07-19,"['KOTAKBANK', 'BAJFINANCE', 'RBLBANK', 'BAJAJFINSV']",Results on 19 Jul 2018
2018-07-20,"['CEATLTD', 'HAVELLS', 'WIPRO', 'L&TFH', 'JUSTDIAL', 'BATAINDIA', 'BAJAJ-AUTO']",Results on 20 Jul 2018
2018-07-21,"['HDFCBANK', 'SOUTHBANK', 'RNAVAL', 'RPOWER']",Results on 21 Jul 2018
2018-07-23,"['GRANULES', 'ACC', 'MCDOWELL-N', 'HINDZINC']",Results on 23 Jul 2018
2018-07-24,"['KAJARIACER', 'TV18BRDCST', 'ASIANPAINT', 'HEXAWARE', 'ICICIPRULI']",Results on 24 Jul 2018
2018-07-25,"['CANBK', 'INFRATEL', 'BHEL', 'PVR', 'AMBUJACEM', 'IRB', 'JSWSTEEL', 'ORIENTBANK', 'HEROMOTOCO', 'KPIT', 'LT', 'TATAELXSI', 'JUBLFOOD']",Results on 25 Jul 2018
2018-07-26,"['DRREDDY', 'CESC', 'SRTRANSFIN', 'BHARTIARTL', 'ITC', 'PETRONET', 'CHOLAFIN', 'MARUTI', 'BIOCON', 'BHARATFIN', 'COLPAL', 'CONCOR', 'YESBANK', 'TATAPOWER']",Results on 26 Jul 2018
2018-07-27,"['JSWENERGY', 'EQUITAS', 'BANKBARODA', 'HCLTECH', 'ICICIBANK', 'M&MFIN', 'RELIANCE']",Results on 27 Jul 2018
2018-07-28,['NTPC'],Results on 28 Jul 2018
2018-07-30,"['SHREECEM', 'IDFC', 'CANFINHOME', 'IDEA', 'GODREJCP', 'TECHM', 'AXISBANK', 'IDFCBANK', 'PEL', 'HDFC', 'JPASSOCIAT', 'INDIGO', 'ESCORTS', 'CENTURYTEX', 'CHENNPETRO']",Results on 30 Jul 2018
2018-07-31,"['UPL', 'TATAMTRDVR', 'VGUARD', 'MGL', 'CASTROLIND', 'GSFC', 'VEDL', 'DABUR', 'BANKINDIA', 'RAYMOND', 'AJANTPHARM', 'POWERGRID', 'BEL', 'TATAMOTORS']",Results on 31 Jul 2018
2018-08-01,"['EXIDEIND', 'PIDILITIND', 'APOLLOTYRE', 'RELINFRA', 'TATAGLOBAL', 'TORNTPOWER']",Results on 01 Aug 2018
2018-08-02,"['TORNTPHARM', 'IBULHSGFIN', 'ONGC', 'CAPF', 'MARICO', 'RAMCOCEM']",Results on 02 Aug 2018
2018-08-03,"['CGPOWER', 'TITAN', 'SAIL', 'BERGEPAINT']",Results on 03 Aug 2018
2018-08-04,"['SUZLON', 'DIVISLAB', 'WOCKPHARMA']",Results on 04 Aug 2018
2018-08-06,"['ARVIND', 'MFSL', 'BRITANNIA', 'UJJIVAN', 'SYNDIBANK', 'ADANIPOWER', 'ADANIPORTS']",Results on 06 Aug 2018
2018-08-07,"['TVSMOTOR', 'M&M', 'MOTHERSUMI', 'SRF', 'ADANIENT', 'PNB', 'PTC']",Results on 07 Aug 2018
2018-08-08,"['NMDC', 'STAR', 'LUPIN', 'CIPLA', 'BEML', 'INDIANB', 'SIEMENS', 'HCC', 'NATIONALUM', 'BPCL', 'HINDPETRO', 'BALRAMCHIN']",Results on 08 Aug 2018
2018-08-09,"['MANAPPURAM', 'KSCL', 'EICHERMOT', 'PAGEIND', 'JETAIRWAYS', 'MRF', 'ENGINERSIN', 'CUMMINSIND', 'TATACOMM', 'AUROPHARMA', 'BHARATFORG', 'JINDALSTEL']",Results on 09 Aug 2018
2018-08-10,"['SUNTV', 'APOLLOHOSP', 'BOSCHLTD', 'JETAIRWAYS', 'UNIONBANK', 'DLF', 'GLENMARK', 'GAIL', 'SBIN', 'NCC', 'UBL', 'NHPC', 'IGL', 'VOLTAS', 'PCJEWELLER', 'HINDALCO']",Results on 10 Aug 2018
2018-08-11,"['AMARAJABAT', 'MRPL', 'BALKRISIND', 'NBCC', 'IOC', 'COALINDIA', 'DALMIABHA', 'GODFRYPHLP', 'INDIACEM']",Results on 11 Aug 2018
2018-08-13,"['CADILAHC', 'REPCOHOME', 'OFSS', 'GODREJIND', 'JISLJALEQS', 'DHFL', 'OIL', 'TATASTEEL', 'TATACHEM']",Results on 13 Aug 2018
2018-08-14,"['HDIL', 'INFIBEAM', 'SUNPHARMA', 'ALBK', 'GMRINFRA', 'GRASIM', 'FORTIS', 'IDBI']",Results on 14 Aug 2018
2018-08-24,['LICHSGFIN'],Results on 24 Aug 2018
2018-08-27,['JETAIRWAYS'],Results on 27 Aug 2018
2018-09-04,['MUTHOOTFIN'],Results on 04 Sep 2018
2018-09-05,['SREINFRA'],Results on 05 Sep 2018
2018-09-08,['IFCI'],Results on 08 Sep 2018
2018-09-11,"['RELCAPITAL', 'PFC']",Results on 11 Sep 2018
2018-09-14,['RECLTD'],Results on 14 Sep 2018
2018-10-08,['TATAELXSI'],Results on 08 Oct 2018
2018-10-10,['ZEEL'],Results on 10 Oct 2018
2018-10-11,['TCS'],Results on 11 Oct 2018
2018-10-12,"['HINDUNILVR', 'KTKBANK']",Results on 12 Oct 2018
2018-10-15,"['SOUTHBANK', 'IBULHSGFIN', 'TV18BRDCST', 'INDUSINDBK']",Results on 15 Oct 2018
2018-10-16,"['INFY', 'FEDERALBNK', 'HEROMOTOCO']",Results on 16 Oct 2018
2018-10-17,"['HAVELLS', 'NIITTECH', 'MINDTREE', 'ACC', 'DCBBANK', 'RELIANCE']",Results on 17 Oct 2018
2018-10-19,['ULTRACEMCO'],Results on 19 Oct 2018
2018-10-20,['HDFCBANK'],Results on 20 Oct 2018
2018-10-22,"['ASIANPAINT', 'CANFINHOME', 'HINDZINC']",Results on 22 Oct 2018
2018-10-23,"['TVSMOTOR', 'BAJFINANCE', 'AMBUJACEM', 'RBLBANK', 'HCLTECH', 'BAJAJFINSV', 'ICICIPRULI', 'ADANIPORTS']",Results on 23 Oct 2018
2018-10-24,"['INFRATEL', 'KOTAKBANK', 'WIPRO', 'L&TFH', 'BHARATFIN', 'HEXAWARE', 'IDFCBANK', 'KPIT', 'INDIGO', 'M&MFIN', 'JUBLFOOD', 'BAJAJ-AUTO']",Results on 24 Oct 2018
2018-10-25,"['CEATLTD', 'SRTRANSFIN', 'KAJARIACER', 'BHARTIARTL', 'MARUTI', 'BHEL', 'PVR', 'BIOCON', 'VGUARD', 'JSWSTEEL', 'DISHTV', 'ORIENTBANK', 'RAYMOND', 'PEL', 'YESBANK']",Results on 25 Oct 2018
2018-10-26,"['UPL', 'DRREDDY', 'ITC', 'CAPF', 'ICICIBANK', 'BEL']",Results on 26 Oct 2018
2018-10-27,['DIVISLAB'],Results on 27 Oct 2018
2018-10-29,"['GRANULES', 'UNIONBANK', 'JUSTDIAL', 'COLPAL', 'LICHSGFIN', 'TATAPOWER', 'BPCL', 'CENTURYTEX', 'CHENNPETRO']",Results on 29 Oct 2018
2018-10-30,"['PIDILITIND', 'IRB', 'TATAGLOBAL', 'TORNTPOWER', 'IDFC', 'BANKBARODA', 'TECHM', 'DALMIABHA', 'CUMMINSIND', 'CONCOR', 'RAMCOCEM']",Results on 30 Oct 2018
2018-10-31,"['TATAMTRDVR', 'CANBK', 'STAR', 'LUPIN', 'CHOLAFIN', 'CASTROLIND', 'VEDL', 'ADANIENT', 'SYNDIBANK', 'DABUR', 'ADANIPOWER', 'AJANTPHARM', 'MCDOWELL-N', 'LT', 'ESCORTS', 'TATAMOTORS']",Results on 31 Oct 2018
2018-11-01,"['ARVIND', 'SRF', 'DLF', 'HCC', 'MARICO', 'TATACOMM', 'HDFC', 'HINDPETRO', 'BERGEPAINT']",Results on 01 Nov 2018
2018-11-02,"['SUNTV', 'EQUITAS', 'PETRONET', 'OFSS', 'IOC', 'ALBK', 'NTPC', 'GODREJCP', 'GSFC', 'PFC', 'AXISBANK', 'RPOWER', 'PNB', 'SAIL', 'BATAINDIA', 'BHARATFORG', 'TATACHEM', 'HINDALCO']",Results on 02 Nov 2018
2018-11-03,"['CADILAHC', 'TORNTPHARM', 'ONGC', 'RCOM', 'RELINFRA', 'BEML', 'GODFRYPHLP']",Results on 03 Nov 2018
2018-11-05,"['EXIDEIND', 'BOSCHLTD', 'BALKRISIND', 'CIPLA', 'GAIL', 'SBIN', 'POWERGRID', 'IGL']",Results on 05 Nov 2018
2018-11-06,"['MANAPPURAM', 'VOLTAS']",Results on 06 Nov 2018
2018-11-08,['MRF'],Results on 08 Nov 2018
2018-11-09,"['AMARAJABAT', 'INDIANB', 'TITAN', 'INDIACEM']",Results on 09 Nov 2018
2018-11-10,"['WOCKPHARMA', 'NATIONALUM']",Results on 10 Nov 2018
2018-11-12,"['NMDC', 'SHREECEM', 'EICHERMOT', 'JETAIRWAYS', 'GODREJIND', 'BRITANNIA', 'JISLJALEQS', 'COALINDIA', 'BANKINDIA', 'AUROPHARMA', 'OIL']",Results on 12 Nov 2018
2018-11-13,"['CGPOWER', 'SUNPHARMA', 'APOLLOTYRE', 'MGL', 'GLENMARK', 'ENGINERSIN', 'GRASIM', 'NCC', 'ASHOKLEY', 'TATASTEEL', 'PTC', 'JINDALSTEL']",Results on 13 Nov 2018
2018-11-14,"['APOLLOHOSP', 'CESC', 'M&M', 'SUZLON', 'MRPL', 'KSCL', 'MOTHERSUMI', 'INFIBEAM', 'REPCOHOME', 'PAGEIND', 'MFSL', 'NBCC', 'IDEA', 'GMRINFRA', 'UJJIVAN', 'UBL', 'NHPC', 'IDBI', 'PCJEWELLER']",Results on 14 Nov 2018
2018-11-15,['SREINFRA'],Results on 15 Nov 2018
2018-11-16,['SREINFRA'],Results on 16 Nov 2018
2018-11-17,['SIEMENS'],Results on 17 Nov 2018
2018-11-21,['DHFL'],Results on 21 Nov 2018
2018-11-27,['RELCAPITAL'],Results on 27 Nov 2018
2018-12-05,['RECLTD'],Results on 05 Dec 2018
2018-12-06,['MUTHOOTFIN'],Results on 06 Dec 2018
2018-12-07,['IFCI'],Results on 07 Dec 2018
2019-01-08,['TATAELXSI'],Results on 08 Jan 2019
2019-01-09,['INDUSINDBK'],Results on 09 Jan 2019
2019-01-10,['TCS'],Results on 10 Jan 2019
2019-01-11,"['INFY', 'KTKBANK']",Results on 11 Jan 2019
2019-01-15,"['TV18BRDCST', 'ZEEL', 'KPIT']",Results on 15 Jan 2019
2019-01-16,"['MINDTREE', 'DCBBANK']",Results on 16 Jan 2019
2019-01-17,"['FEDERALBNK', 'HINDUNILVR', 'RELIANCE']",Results on 17 Jan 2019
2019-01-18,"['KAJARIACER', 'NIITTECH', 'WIPRO']",Results on 18 Jan 2019
2019-01-19,"['HDFCBANK', 'SOUTHBANK']",Results on 19 Jan 2019
2019-01-21,"['KOTAKBANK', 'UNIONBANK', 'L&TFH', 'JUSTDIAL', 'HINDZINC']",Results on 21 Jan 2019
2019-01-22,"['TVSMOTOR', 'SHREECEM', 'ASIANPAINT', 'HAVELLS', 'ICICIPRULI']",Results on 22 Jan 2019
2019-01-23,"['INFRATEL', 'ITC', 'PIDILITIND', 'RCOM', 'CANFINHOME', 'UJJIVAN', 'RAYMOND', 'MCDOWELL-N', 'INDIGO']",Results on 23 Jan 2019
2019-01-24,"['ULTRACEMCO', 'PVR', 'BIOCON', 'COLPAL', 'RPOWER', 'YESBANK']",Results on 24 Jan 2019
2019-01-25,"['MARUTI', 'GSFC', 'INDIANB', 'DHFL', 'LT', 'M&MFIN']",Results on 25 Jan 2019
2019-01-28,"['CEATLTD', 'CANBK', 'SRTRANSFIN', 'RBLBANK', 'WOCKPHARMA', 'BANKINDIA', 'PEL', 'TATAPOWER', 'ESCORTS', 'CENTURYTEX', 'CHENNPETRO']",Results on 28 Jan 2019
2019-01-29,"['STAR', 'BAJFINANCE', 'MGL', 'BANKBARODA', 'BHARATFIN', 'GODREJCP', 'HCLTECH', 'ORIENTBANK', 'BAJAJFINSV', 'AXISBANK', 'HDFC', 'RAMCOCEM']",Results on 29 Jan 2019
2019-01-30,"['TORNTPHARM', 'CHOLAFIN', 'IOC', 'NTPC', 'CASTROLIND', 'HEXAWARE', 'ICICIBANK', 'LICHSGFIN', 'AJANTPHARM', 'TATACOMM', 'BEL', 'JUBLFOOD', 'BAJAJ-AUTO']",Results on 30 Jan 2019
2019-01-31,"['UPL', 'NMDC', 'IBULHSGFIN', 'BHARTIARTL', 'PETRONET', 'VGUARD', 'VEDL', 'DABUR', 'HEROMOTOCO', 'POWERGRID']",Results on 31 Jan 2019
2019-02-01,"['DRREDDY', 'EQUITAS', 'SBIN', 'TITAN', 'BERGEPAINT']",Results on 01 Feb 2019
2019-02-02,"['DIVISLAB', 'BEML', 'SYNDIBANK', 'GODFRYPHLP', 'JINDALSTEL']",Results on 02 Feb 2019
2019-02-04,"['EXIDEIND', 'SRF', 'IRB', 'IDBI', 'SREINFRA']",Results on 04 Feb 2019
2019-02-05,"['CESC', 'MRPL', 'BHEL', 'APOLLOTYRE', 'DLF', 'RELINFRA', 'TATAGLOBAL', 'TORNTPOWER', 'DISHTV', 'ACC', 'GAIL', 'TECHM', 'PNB', 'MARICO', 'HINDPETRO', 'TATACHEM']",Results on 05 Feb 2019
2019-02-06,"['MANAPPURAM', 'MUTHOOTFIN', 'CGPOWER', 'LUPIN', 'CIPLA', 'ALBK', 'JSWSTEEL', 'IDEA', 'ADANIPOWER', 'CUMMINSIND', 'SIEMENS', 'ADANIPORTS', 'IGL', 'PTC']",Results on 06 Feb 2019
2019-02-07,"['CADILAHC', 'ARVIND', 'TATAMTRDVR', 'SUZLON', 'BRITANNIA', 'MRF', 'ADANIENT', 'GRASIM', 'SAIL', 'AUROPHARMA', 'TATAMOTORS']",Results on 07 Feb 2019
2019-02-08,"['SUNTV', 'M&M', 'RECLTD', 'BALKRISIND', 'ENGINERSIN', 'NHPC', 'NATIONALUM', 'BPCL', 'TATASTEEL']",Results on 08 Feb 2019
2019-02-09,"['APOLLOHOSP', 'IDFC', 'PCJEWELLER']",Results on 09 Feb 2019
2019-02-11,"['AMARAJABAT', 'MOTHERSUMI', 'EICHERMOT', 'MFSL', 'PFC', 'INDIACEM']",Results on 11 Feb 2019
2019-02-12,"['SUNPHARMA', 'JISLJALEQS', 'COALINDIA', 'NCC', 'CONCOR', 'BATAINDIA', 'OIL', 'HINDALCO']",Results on 12 Feb 2019
2019-02-13,"['REPCOHOME', 'BOSCHLTD', 'OFSS', 'NBCC', 'RELCAPITAL', 'GODREJIND', 'BHARATFORG']",Results on 13 Feb 2019
2019-02-14,"['KSCL', 'INFIBEAM', 'PAGEIND', 'ONGC', 'JETAIRWAYS', 'GLENMARK', 'GMRINFRA', 'UBL', 'ASHOKLEY', 'IFCI', 'VOLTAS']",Results on 14 Feb 2019
2019-02-18,"['AMBUJACEM', 'ENGINERSIN']",Results on 18 Feb 2019
2019-04-12,"['TCS', 'INFY']",Results on 12 Apr 2019
2019-04-15,['TV18BRDCST'],Results on 15 Apr 2019
2019-04-16,['WIPRO'],Results on 16 Apr 2019
2019-04-17,['MINDTREE'],Results on 17 Apr 2019
2019-04-18,"['RBLBANK', 'DCBBANK', 'RELIANCE']",Results on 18 Apr 2019
2019-04-20,['HDFCBANK'],Results on 20 Apr 2019
2019-04-23,"['TATAGLOBAL', 'ACC']",Results on 23 Apr 2019
2019-04-24,"['ULTRACEMCO', 'INFRATEL', 'IBULHSGFIN', 'HEXAWARE', 'ICICIPRULI', 'M&MFIN', 'TATAELXSI']",Results on 24 Apr 2019
2019-04-25,"['MARUTI', 'BIOCON', 'AXISBANK', 'TATASTEEL']",Results on 25 Apr 2019
2019-04-26,"['HEROMOTOCO', 'PEL', 'YESBANK']",Results on 26 Apr 2019
2019-04-27,['CHOLAFIN'],Results on 27 Apr 2019
2019-04-28,['L&TFH'],Results on 28 Apr 2019
2019-04-29,['CASTROLIND'],Results on 29 Apr 2019
2019-04-30,"['TVSMOTOR', 'EXIDEIND', 'KOTAKBANK', 'AMBUJACEM', 'CANFINHOME', 'RAYMOND', 'AJANTPHARM', 'CONCOR']",Results on 30 Apr 2019
2019-05-01,['BRITANNIA'],Results on 01 May 2019
2019-05-02,"['MRF', 'DABUR', 'TATAPOWER', 'HINDZINC']",Results on 02 May 2019
2019-05-03,"['GODREJCP', 'HINDUNILVR', 'TATACHEM', 'CENTURYTEX']",Results on 03 May 2019
2019-05-04,"['NIITTECH', 'FEDERALBNK', 'LICHSGFIN']",Results on 04 May 2019
2019-05-06,"['BHARTIARTL', 'WOCKPHARMA', 'ICICIBANK', 'MARICO', 'CHENNPETRO']",Results on 06 May 2019
2019-05-07,"['CEATLTD', 'VEDL', 'ESCORTS']",Results on 07 May 2019
2019-05-08,"['SRTRANSFIN', 'TITAN', 'TATACOMM']",Results on 08 May 2019
2019-05-09,"['SOUTHBANK', 'OFSS', 'ASIANPAINT', 'APOLLOTYRE', 'MGL', 'HCLTECH', 'VOLTAS']",Results on 09 May 2019
2019-05-10,"['EQUITAS', 'CANBK', 'STAR', 'EICHERMOT', 'KAJARIACER', 'PVR', 'ALBK', 'SYNDIBANK', 'SBIN', 'LT', 'IDFCFIRSTB']",Results on 10 May 2019
2019-05-13,"['MRPL', 'MUTHOOTFIN', 'ITC', 'SRF', 'GODREJIND', 'IDEA', 'JUSTDIAL', 'ORIENTBANK', 'HDFC', 'KTKBANK']",Results on 13 May 2019
2019-05-14,"['PIDILITIND', 'UNIONBANK', 'INDIANB', 'SIEMENS', 'PTC']",Results on 14 May 2019
2019-05-15,"['AMARAJABAT', 'MANAPPURAM', 'PETRONET', 'LUPIN', 'TORNTPOWER', 'JUBLFOOD']",Results on 15 May 2019
2019-05-16,"['BAJFINANCE', 'BAJAJFINSV', 'BANKINDIA', 'HINDALCO']",Results on 16 May 2019
2019-05-17,"['UPL', 'DRREDDY', 'CESC', 'ARVIND', 'BALKRISIND', 'IOC', 'ENGINERSIN', 'BAJAJ-AUTO']",Results on 17 May 2019
2019-05-18,['SHREECEM'],Results on 18 May 2019
2019-05-20,"['TATAMTRDVR', 'TORNTPHARM', 'UBL', 'BHARATFORG', 'BPCL', 'HINDPETRO', 'TATAMOTORS', 'SREINFRA']",Results on 20 May 2019
2019-05-21,"['BOSCHLTD', 'DLF', 'BHARATFIN', 'TECHM', 'IFCI', 'JINDALSTEL']",Results on 21 May 2019
2019-05-22,"['CANBK', 'CIPLA', 'INDUSINDBK', 'BANKBARODA', 'GSFC', 'CUMMINSIND', 'RAMCOCEM']",Results on 22 May 2019
2019-05-23,"['SUNTV', 'IGL']",Results on 23 May 2019
2019-05-24,"['RECLTD', 'PAGEIND', 'JSWSTEEL', 'DISHTV', 'IDFC', 'GRASIM', 'NCC', 'ASHOKLEY', 'BATAINDIA', 'BSOFT']",Results on 24 May 2019
2019-05-25,"['DIVISLAB', 'NTPC', 'BEML', 'INDIACEM']",Results on 25 May 2019
2019-05-27,"['KSCL', 'MOTHERSUMI', 'ZEEL', 'BHEL', 'RCOM', 'GAIL', 'COLPAL', 'NHPC', 'ADANIPORTS', 'INDIGO', 'OIL']",Results on 27 May 2019
2019-05-28,"['NMDC', 'SUNPHARMA', 'MFSL', 'IRB', 'PNB', 'JPASSOCIAT', 'AUROPHARMA']",Results on 28 May 2019
2019-05-29,"['CADILAHC', 'M&M', 'REPCOHOME', 'HAVELLS', 'NBCC', 'VGUARD', 'IDFC', 'GLENMARK', 'GMRINFRA', 'ADANIENT', 'PFC', 'ADANIPOWER', 'RPOWER', 'MCDOWELL-N', 'POWERGRID', 'BEL', 'PCJEWELLER']",Results on 29 May 2019
2019-05-30,"['APOLLOHOSP', 'SUZLON', 'INFIBEAM', 'ONGC', 'RELINFRA', 'JISLJALEQS', 'COALINDIA', 'UJJIVAN', 'SAIL', 'NATIONALUM', 'IDBI', 'GODFRYPHLP', 'BERGEPAINT']",Results on 30 May 2019
2019-06-28,['RELCAPITAL'],Results on 28 Jun 2019
2019-06-29,['DHFL'],Results on 29 Jun 2019
2019-07-09,['TCS'],Results on 09 Jul 2019
2019-07-12,"['INFY', 'INDUSINDBK', 'KTKBANK']",Results on 12 Jul 2019
2019-07-16,"['TV18BRDCST', 'FEDERALBNK', 'DCBBANK']",Results on 16 Jul 2019
2019-07-17,"['WIPRO', 'MINDTREE', 'YESBANK', 'TATAELXSI']",Results on 17 Jul 2019
2019-07-18,"['ACC', 'COLPAL']",Results on 18 Jul 2019
2019-07-19,"['RBLBANK', 'L&TFH', 'DABUR', 'INDIGO', 'HINDZINC', 'RELIANCE']",Results on 19 Jul 2019
2019-07-20,"['AMARAJABAT', 'HDFCBANK']",Results on 20 Jul 2019
2019-07-22,"['TVSMOTOR', 'KOTAKBANK', 'CANFINHOME', 'JUSTDIAL', 'ORIENTBANK', 'DHFL', 'MCDOWELL-N']",Results on 22 Jul 2019
2019-07-23,"['TORNTPHARM', 'KAJARIACER', 'ZEEL', 'NIITTECH', 'HINDUNILVR', 'LT', 'M&MFIN']",Results on 23 Jul 2019
2019-07-24,"['CANBK', 'INFRATEL', 'SRTRANSFIN', 'ASIANPAINT', 'VGUARD', 'SYNDIBANK', 'ICICIPRULI', 'JUBLFOOD', 'IDFCFIRSTB']",Results on 24 Jul 2019
2019-07-25,"['TATAMTRDVR', 'SOUTHBANK', 'PVR', 'BAJFINANCE', 'AMBUJACEM', 'BIOCON', 'BANKBARODA', 'BAJAJFINSV', 'TATAMOTORS']",Results on 25 Jul 2019
2019-07-26,"['MARUTI', 'JSWSTEEL', 'IDEA', 'VEDL', 'PNB', 'BAJAJ-AUTO']",Results on 26 Jul 2019
2019-07-27,"['HAVELLS', 'ICICIBANK', 'JPASSOCIAT', 'ESCORTS']",Results on 27 Jul 2019
2019-07-29,"['DRREDDY', 'STAR', 'DLF', 'CASTROLIND', 'BEL', 'CHENNPETRO']",Results on 29 Jul 2019
2019-07-30,"['NMDC', 'MRPL', 'CHOLAFIN', 'DISHTV', 'BANKINDIA', 'TECHM', 'AXISBANK', 'HEROMOTOCO', 'PEL']",Results on 30 Jul 2019
2019-07-31,"['UPL', 'EICHERMOT', 'PETRONET', 'APOLLOTYRE', 'IOC', 'TATAGLOBAL', 'AJANTPHARM', 'ASHOKLEY', 'CONCOR']",Results on 31 Jul 2019
2019-08-01,"['CEATLTD', 'BHARTIARTL', 'GODREJCP', 'RAYMOND', 'MARICO', 'TATAPOWER']",Results on 01 Aug 2019
2019-08-02,"['EQUITAS', 'EXIDEIND', 'ITC', 'UNIONBANK', 'BEML', 'UJJIVAN', 'SBIN', 'POWERGRID', 'TATACOMM', 'HDFC', 'BATAINDIA']",Results on 02 Aug 2019
2019-08-03,['LICHSGFIN'],Results on 03 Aug 2019
2019-08-05,"['SRF', 'TORNTPOWER', 'BERGEPAINT']",Results on 05 Aug 2019
2019-08-06,"['ARVIND', 'RECLTD', 'IBULHSGFIN', 'PIDILITIND', 'MFSL', 'GSFC', 'TITAN']",Results on 06 Aug 2019
2019-08-07,"['M&M', 'LUPIN', 'OFSS', 'CIPLA', 'HCLTECH', 'ADANIPOWER', 'CUMMINSIND', 'SIEMENS', 'ADANIPORTS', 'RAMCOCEM', 'AUROPHARMA', 'BSOFT', 'VOLTAS', 'TATASTEEL', 'PTC', 'HINDPETRO', 'SREINFRA']",Results on 07 Aug 2019
2019-08-08,"['ULTRACEMCO', 'PAGEIND', 'NBCC', 'MGL', 'ENGINERSIN', 'ADANIENT', 'HEXAWARE', 'TATACHEM']",Results on 08 Aug 2019
2019-08-09,"['SUNTV', 'CADILAHC', 'SHREECEM', 'BHEL', 'RCOM', 'BRITANNIA', 'MRF', 'GAIL', 'NCC', 'SAIL', 'OIL', 'BPCL', 'HINDALCO']",Results on 09 Aug 2019
2019-08-10,"['DIVISLAB', 'BALKRISIND', 'NTPC']",Results on 10 Aug 2019
2019-08-12,"['MOTHERSUMI', 'MUTHOOTFIN', 'CENTURYTEX']",Results on 12 Aug 2019
2019-08-13,"['APOLLOHOSP', 'MANAPPURAM', 'SUNPHARMA', 'BOSCHLTD', 'ONGC', 'RELINFRA', 'GODREJIND', 'GLENMARK', 'COALINDIA', 'PFC', 'BHARATFORG', 'NATIONALUM']",Results on 13 Aug 2019
2019-08-14,"['CESC', 'RELCAPITAL', 'IDFC', 'WOCKPHARMA', 'GMRINFRA', 'GRASIM', 'IGL', 'IDBI', 'JINDALSTEL']",Results on 14 Aug 2019
2019-10-10,"['TCS', 'INDUSINDBK']",Results on 10 Oct 2019
2019-10-11,['INFY'],Results on 11 Oct 2019
2019-10-14,['HINDUNILVR'],Results on 14 Oct 2019
2019-10-15,"['TV18BRDCST', 'WIPRO', 'ACC']",Results on 15 Oct 2019
2019-10-16,"['MINDTREE', 'FEDERALBNK']",Results on 16 Oct 2019
2019-10-17,"['TVSMOTOR', 'ZEEL', 'PVR']",Results on 17 Oct 2019
2019-10-18,"['AMBUJACEM', 'L&TFH', 'RELIANCE']",Results on 18 Oct 2019
2019-10-19,"['HDFCBANK', 'SHREECEM', 'LICHSGFIN']",Results on 19 Oct 2019
2019-10-21,"['ULTRACEMCO', 'INFRATEL', 'JUSTDIAL', 'UJJIVAN', 'AXISBANK', 'PEL', 'TATAELXSI']",Results on 21 Oct 2019
2019-10-22,"['KOTAKBANK', 'ASIANPAINT', 'BAJFINANCE', 'RBLBANK', 'BAJAJFINSV', 'ICICIPRULI', 'M&MFIN', 'JUBLFOOD']",Results on 22 Oct 2019
2019-10-23,"['TORNTPHARM', 'HAVELLS', 'NIITTECH', 'BIOCON', 'JSWSTEEL', 'CASTROLIND', 'HCLTECH', 'HEXAWARE', 'HEROMOTOCO', 'LT', 'BAJAJ-AUTO']",Results on 23 Oct 2019
2019-10-24,"['SRTRANSFIN', 'ITC', 'MARUTI', 'COLPAL', 'CUMMINSIND', 'MCDOWELL-N', 'INDIGO', 'IDFCFIRSTB']",Results on 24 Oct 2019
2019-10-25,"['TATAMTRDVR', 'STAR', 'SBIN', 'MARICO', 'TATAMOTORS']",Results on 25 Oct 2019
2019-10-26,['ICICIBANK'],Results on 26 Oct 2019
2019-10-29,"['BHARTIARTL', 'PETRONET']",Results on 29 Oct 2019
2019-10-30,"['TATAGLOBAL', 'CONCOR', 'RAMCOCEM', 'PTC', 'TATACHEM']",Results on 30 Oct 2019
2019-10-31,"['IOC', 'SYNDIBANK']",Results on 31 Oct 2019
2019-11-01,"['DRREDDY', 'BANKINDIA', 'YESBANK']",Results on 01 Nov 2019
2019-11-02,['ESCORTS'],Results on 02 Nov 2019
2019-11-04,"['SRF', 'HDFC', 'BEL']",Results on 04 Nov 2019
2019-11-05,"['RECLTD', 'CHOLAFIN', 'DIVISLAB', 'APOLLOTYRE', 'TORNTPOWER', 'DABUR', 'NCC', 'TECHM', 'PNB', 'TITAN', 'JINDALSTEL', 'BERGEPAINT']",Results on 05 Nov 2019
2019-11-06,"['CANBK', 'MANAPPURAM', 'EXIDEIND', 'IBULHSGFIN', 'LUPIN', 'BOSCHLTD', 'CIPLA', 'MFSL', 'GODREJCP', 'VOLTAS', 'TATASTEEL']",Results on 06 Nov 2019
2019-11-07,"['UPL', 'SUNPHARMA', 'DLF', 'UBL', 'POWERGRID', 'IGL', 'BPCL', 'HINDPETRO']",Results on 07 Nov 2019
2019-11-08,"['EQUITAS', 'M&M', 'EICHERMOT', 'MRF', 'BANKBARODA', 'GAIL', 'ASHOKLEY', 'TATACOMM', 'TATAPOWER', 'BSOFT', 'BHARATFORG', 'CENTURYTEX']",Results on 08 Nov 2019
2019-11-09,"['AMARAJABAT', 'NTPC', 'JPASSOCIAT']",Results on 09 Nov 2019
2019-11-11,"['NMDC', 'MOTHERSUMI', 'BRITANNIA', 'MGL', 'COALINDIA', 'ADANIPORTS', 'OIL', 'SREINFRA', 'HINDALCO']",Results on 11 Nov 2019
2019-11-12,"['SUNTV', 'RCOM', 'ADANIENT', 'AUROPHARMA']",Results on 12 Nov 2019
2019-11-13,"['CADILAHC', 'MUTHOOTFIN', 'PIDILITIND', 'BHEL', 'ADANIPOWER', 'BATAINDIA', 'NATIONALUM']",Results on 13 Nov 2019
2019-11-14,"['APOLLOHOSP', 'CESC', 'BHARTIARTL', 'PAGEIND', 'BALKRISIND', 'NBCC', 'ONGC', 'UNIONBANK', 'DISHTV', 'GLENMARK', 'IDEA', 'GMRINFRA', 'VEDL', 'PFC', 'GRASIM', 'SAIL']",Results on 14 Nov 2019
2019-11-19,['SIEMENS'],Results on 19 Nov 2019
2020-01-10,['INFY'],Results on 10 Jan 2020
2020-01-13,['WIPRO'],Results on 13 Jan 2020
2020-01-14,"['MINDTREE', 'INDUSINDBK']",Results on 14 Jan 2020
2020-01-17,"['TCS', 'L&TFH', 'HCLTECH', 'RELIANCE']",Results on 17 Jan 2020
2020-01-18,"['HDFCBANK', 'JINDALSTEL']",Results on 18 Jan 2020
2020-01-20,"['KOTAKBANK', 'JUSTDIAL', 'FEDERALBNK']",Results on 20 Jan 2020
2020-01-21,"['ZEEL', 'HAVELLS', 'ICICIPRULI']",Results on 21 Jan 2020
2020-01-22,"['ASIANPAINT', 'RBLBANK', 'AXISBANK', 'LT']",Results on 22 Jan 2020
2020-01-23,"['CANBK', 'CHOLAFIN', 'PVR', 'BIOCON']",Results on 23 Jan 2020
2020-01-24,"['ULTRACEMCO', 'JSWSTEEL', 'BANKBARODA']",Results on 24 Jan 2020
2020-01-25,['ICICIBANK'],Results on 25 Jan 2020
2020-01-27,"['DRREDDY', 'TORNTPHARM', 'MCDOWELL-N', 'HDFC', 'INDIGO']",Results on 27 Jan 2020
2020-01-28,"['MANAPPURAM', 'MARUTI', 'CUMMINSIND', 'M&MFIN', 'CENTURYTEX']",Results on 28 Jan 2020
2020-01-29,"['PIDILITIND', 'NIITTECH', 'BAJFINANCE', 'GODREJCP', 'BAJAJFINSV', 'TATAPOWER', 'RAMCOCEM', 'ESCORTS', 'JUBLFOOD', 'IDFCFIRSTB']",Results on 29 Jan 2020
2020-01-30,"['EQUITAS', 'TATAMTRDVR', 'INFRATEL', 'IOC', 'DABUR', 'COLPAL', 'LICHSGFIN', 'MARICO', 'BEL', 'BAJAJ-AUTO', 'TATAMOTORS']",Results on 30 Jan 2020
2020-01-31,"['INFRATEL', 'ITC', 'CASTROLIND', 'VEDL', 'SBIN', 'TECHM', 'HINDUNILVR', 'POWERGRID']",Results on 31 Jan 2020
2020-02-01,['AMARAJABAT'],Results on 01 Feb 2020
2020-02-03,"['SRTRANSFIN', 'SRF', 'UJJIVAN', 'TATACHEM']",Results on 03 Feb 2020
2020-02-04,"['TVSMOTOR', 'RECLTD', 'EXIDEIND', 'BHARTIARTL', 'TATAGLOBAL', 'PNB', 'ADANIPORTS', 'TITAN', 'PEL']",Results on 04 Feb 2020
2020-02-05,"['CADILAHC', 'IBULHSGFIN', 'BOSCHLTD', 'DIVISLAB', 'CIPLA', 'MFSL', 'APOLLOTYRE', 'DLF', 'ADANIENT', 'HINDPETRO', 'BERGEPAINT']",Results on 05 Feb 2020
2020-02-06,"['NMDC', 'EICHERMOT', 'SUNPHARMA', 'LUPIN', 'ADANIPOWER', 'UBL', 'HEROMOTOCO', 'IGL', 'AUROPHARMA', 'BATAINDIA']",Results on 06 Feb 2020
2020-02-07,"['UPL', 'NTPC', 'BRITANNIA', 'MGL', 'ACC', 'NCC', 'CONCOR', 'VOLTAS', 'TATASTEEL']",Results on 07 Feb 2020
2020-02-08,['M&M'],Results on 08 Feb 2020
2020-02-10,"['MOTHERSUMI', 'PETRONET', 'UNIONBANK', 'MRF', 'GAIL', 'GRASIM', 'OIL', 'BHARATFORG', 'NATIONALUM']",Results on 10 Feb 2020
2020-02-11,"['CESC', 'BHEL', 'COALINDIA', 'SIEMENS']",Results on 11 Feb 2020
2020-02-12,"['NBCC', 'TORNTPOWER', 'PFC', 'ASHOKLEY', 'HINDALCO']",Results on 12 Feb 2020
2020-02-13,"['APOLLOHOSP', 'PAGEIND', 'IDEA', 'GMRINFRA', 'BPCL']",Results on 13 Feb 2020
2020-02-14,"['SUNTV', 'SHREECEM', 'MUTHOOTFIN', 'BALKRISIND', 'ONGC', 'GLENMARK', 'SAIL']",Results on 14 Feb 2020
2020-02-20,['AMBUJACEM'],Results on 20 Feb 2020
2020-03-14,['YESBANK'],Results on 14 Mar 2020
2020-04-15,['WIPRO'],Results on 15 Apr 2020
2020-04-16,['TCS'],Results on 16 Apr 2020
2020-04-18,['HDFCBANK'],Results on 18 Apr 2020
2020-04-20,['INFY'],Results on 20 Apr 2020
2020-04-21,"['ACC', 'ICICIPRULI']",Results on 21 Apr 2020
2020-04-23,['INFRATEL'],Results on 23 Apr 2020
2020-04-24,['MINDTREE'],Results on 24 Apr 2020
2020-04-27,"['HDFCLIFE', 'AMBUJACEM', 'INDUSINDBK', 'ADANIPOWER']",Results on 27 Apr 2020
2020-04-28,['AXISBANK'],Results on 28 Apr 2020
2020-04-30,"['TECHM', 'HINDUNILVR', 'RELIANCE']",Results on 30 Apr 2020
2020-05-04,['MARICO'],Results on 04 May 2020
2020-05-05,['ADANIPORTS'],Results on 05 May 2020
2020-05-06,"['ADANIENT', 'YESBANK']",Results on 06 May 2020
2020-05-07,"['RBLBANK', 'HCLTECH']",Results on 07 May 2020
2020-05-08,['SHREECEM'],Results on 08 May 2020
2020-05-09,['ICICIBANK'],Results on 09 May 2020
2020-05-11,"['GODREJPROP', 'PEL']",Results on 11 May 2020
2020-05-12,"['HAVELLS', 'BANDHANBNK']",Results on 12 May 2020
2020-05-13,"['DRREDDY', 'KOTAKBANK', 'MARUTI', 'GODREJCP', 'SIEMENS']",Results on 13 May 2020
2020-05-14,"['MANAPPURAM', 'TATACONSUM', 'BIOCON', 'ESCORTS']",Results on 14 May 2020
2020-05-15,"['CIPLA', 'L&TFH', 'M&MFIN', 'TATACHEM']",Results on 15 May 2020
2020-05-18,"['BHARTIARTL', 'TORNTPOWER']",Results on 18 May 2020
2020-05-19,"['BAJFINANCE', 'APOLLOTYRE', 'TATAPOWER']",Results on 19 May 2020
2020-05-20,"['ULTRACEMCO', 'JUBLFOOD', 'BAJAJ-AUTO']",Results on 20 May 2020
2020-05-21,"['BAJAJFINSV', 'COLPAL']",Results on 21 May 2020
2020-05-22,"['UPL', 'BOSCHLTD', 'JSWSTEEL', 'IDFCFIRSTB']",Results on 22 May 2020
2020-05-25,"['JUSTDIAL', 'HDFC', 'BATAINDIA', 'JINDALSTEL']",Results on 25 May 2020
2020-05-26,"['TORNTPHARM', 'MFSL']",Results on 26 May 2020
2020-05-27,"['SUNPHARMA', 'UJJIVAN', 'DABUR', 'MCDOWELL-N']",Results on 27 May 2020
2020-05-28,"['TVSMOTOR', 'LUPIN', 'FEDERALBNK']",Results on 28 May 2020
2020-05-29,"['EQUITAS', 'NCC', 'VOLTAS']",Results on 29 May 2020
2020-05-30,['AMARAJABAT'],Results on 30 May 2020
2020-06-02,"['MOTHERSUMI', 'BRITANNIA', 'INDIGO']",Results on 02 Jun 2020
2020-06-03,"['CHOLAFIN', 'AUROPHARMA', 'BPCL']",Results on 03 Jun 2020
2020-06-04,"['SRF', 'DLF']",Results on 04 Jun 2020
2020-06-05,"['EXIDEIND', 'SBIN', 'LT']",Results on 05 Jun 2020
2020-06-06,"['DIVISLAB', 'VEDL']",Results on 06 Jun 2020
2020-06-08,"['PVR', 'TITAN']",Results on 08 Jun 2020
2020-06-09,['HEROMOTOCO'],Results on 09 Jun 2020
2020-06-10,"['SRTRANSFIN', 'MGL', 'CENTURYTEX']",Results on 10 Jun 2020
2020-06-12,"['M&M', 'EICHERMOT', 'HINDALCO']",Results on 12 Jun 2020
2020-06-13,"['BHEL', 'GRASIM']",Results on 13 Jun 2020
2020-06-15,"['IGL', 'TATAMOTORS']",Results on 15 Jun 2020
2020-06-16,"['NMDC', 'HINDPETRO']",Results on 16 Jun 2020
2020-06-17,"['RECLTD', 'MUTHOOTFIN', 'PIDILITIND', 'CUMMINSIND']",Results on 17 Jun 2020
2020-06-19,"['CADILAHC', 'LICHSGFIN', 'PNB', 'RAMCOCEM', 'OIL']",Results on 19 Jun 2020
2020-06-20,"['BALKRISIND', 'POWERGRID']",Results on 20 Jun 2020
2020-06-22,['NAUKRI'],Results on 22 Jun 2020
2020-06-23,"['PAGEIND', 'ASIANPAINT', 'BANKBARODA', 'BERGEPAINT']",Results on 23 Jun 2020
2020-06-24,"['CANBK', 'IOC', 'GAIL', 'PFC', 'UBL']",Results on 24 Jun 2020
2020-06-25,"['APOLLOHOSP', 'ASHOKLEY', 'CONCOR']",Results on 25 Jun 2020
2020-06-26,"['SUNTV', 'ITC', 'GLENMARK', 'COALINDIA', 'NATIONALUM']",Results on 26 Jun 2020
2020-06-27,['NTPC'],Results on 27 Jun 2020
2020-06-29,"['CESC', 'PETRONET', 'MRF', 'GMRINFRA', 'BEL', 'BHARATFORG', 'TATASTEEL']",Results on 29 Jun 2020
2020-06-30,"['ONGC', 'IDEA', 'SAIL']",Results on 30 Jun 2020
2020-07-03,"['IBULHSGFIN', 'SAIL']",Results on 03 Jul 2020
2020-07-09,['TCS'],Results on 09 Jul 2020
2020-07-10,['SAIL'],Results on 10 Jul 2020
2020-07-14,"['WIPRO', 'MINDTREE', 'CENTURYTEX']",Results on 14 Jul 2020
2020-07-15,"['INFY', 'BANDHANBNK', 'FEDERALBNK']",Results on 15 Jul 2020
2020-07-16,['L&TFH'],Results on 16 Jul 2020
2020-07-17,"['BRITANNIA', 'HCLTECH']",Results on 17 Jul 2020
2020-07-18,"['HDFCBANK', 'M&MFIN']",Results on 18 Jul 2020
2020-07-20,['ACC'],Results on 20 Jul 2020
2020-07-21,"['SBILIFE', 'BAJFINANCE', 'HDFCLIFE', 'BAJAJFINSV', 'AXISBANK', 'ICICIPRULI', 'HINDUNILVR']",Results on 21 Jul 2020
2020-07-22,"['LT', 'BAJAJ-AUTO', 'JINDALSTEL']",Results on 22 Jul 2020
2020-07-23,['BIOCON'],Results on 23 Jul 2020
2020-07-24,"['ITC', 'ZEEL', 'ASIANPAINT', 'AMBUJACEM', 'JSWSTEEL']",Results on 24 Jul 2020
2020-07-25,['ICICIBANK'],Results on 25 Jul 2020
2020-07-27,"['INFRATEL', 'KOTAKBANK', 'HAVELLS', 'TECHM', 'MCDOWELL-N', 'MARICO', 'BEL', 'ESCORTS']",Results on 27 Jul 2020
2020-07-28,"['ULTRACEMCO', 'NIITTECH', 'RBLBANK', 'INDUSINDBK', 'YESBANK', 'IDFCFIRSTB']",Results on 28 Jul 2020
2020-07-29,"['DRREDDY', 'TVSMOTOR', 'MANAPPURAM', 'BHARTIARTL', 'MARUTI', 'UNIONBANK', 'COLPAL', 'INDIGO']",Results on 29 Jul 2020
2020-07-30,"['TORNTPHARM', 'CHOLAFIN', 'SRF', 'MFSL', 'DABUR', 'PEL', 'HDFC', 'RELIANCE']",Results on 30 Jul 2020
2020-07-31,"['UPL', 'SUNPHARMA', 'IOC', 'JUSTDIAL', 'SBIN', 'TATACHEM', 'TATAMOTORS']",Results on 31 Jul 2020
2020-08-03,['EXIDEIND'],Results on 03 Aug 2020
2020-08-04,"['TATACONSUM', 'GODREJCP']",Results on 04 Aug 2020
2020-08-05,"['CADILAHC', 'CANBK', 'APOLLOTYRE', 'DLF', 'GODREJPROP']",Results on 05 Aug 2020
2020-08-06,"['LUPIN', 'PIDILITIND', 'TORNTPOWER', 'IDEA', 'ADANIENT', 'HINDPETRO']",Results on 06 Aug 2020
2020-08-07,"['AMARAJABAT', 'M&M', 'RECLTD', 'CIPLA', 'MGL', 'SIEMENS', 'CONCOR', 'RAMCOCEM', 'BATAINDIA']",Results on 07 Aug 2020
2020-08-08,['DIVISLAB'],Results on 08 Aug 2020
2020-08-10,"['EQUITAS', 'SHREECEM', 'BANKBARODA', 'UJJIVAN', 'TITAN', 'POWERGRID']",Results on 10 Aug 2020
2020-08-11,"['MOTHERSUMI', 'BOSCHLTD', 'ADANIPORTS', 'TITAN']",Results on 11 Aug 2020
2020-08-12,"['NCC', 'CUMMINSIND', 'ASHOKLEY', 'TATAPOWER', 'AUROPHARMA', 'BHARATFORG']",Results on 12 Aug 2020
2020-08-13,"['EICHERMOT', 'SRTRANSFIN', 'BALKRISIND', 'GAIL', 'PFC', 'GRASIM', 'HEROMOTOCO', 'BPCL', 'TATASTEEL']",Results on 13 Aug 2020
2020-08-14,"['SUNTV', 'NTPC', 'GLENMARK', 'MRF', 'UBL', 'VOLTAS', 'BERGEPAINT', 'HINDALCO']",Results on 14 Aug 2020
2020-08-17,['PETRONET'],Results on 17 Aug 2020
2020-08-18,['ZEEL'],Results on 18 Aug 2020
2020-08-19,['MUTHOOTFIN'],Results on 19 Aug 2020
2020-08-21,"['IBULHSGFIN', 'PNB', 'OIL']",Results on 21 Aug 2020
2020-08-24,['LICHSGFIN'],Results on 24 Aug 2020
2020-08-26,['IGL'],Results on 26 Aug 2020
2020-08-27,"['NMDC', 'GMRINFRA']",Results on 27 Aug 2020
2020-09-01,"['ONGC', 'NATIONALUM']",Results on 01 Sep 2020
2020-09-02,"['COALINDIA', 'JUBLFOOD']",Results on 02 Sep 2020
2020-09-03,['PAGEIND'],Results on 03 Sep 2020
2020-09-07,['NAUKRI'],Results on 07 Sep 2020
2020-09-11,['BHEL'],Results on 11 Sep 2020
2020-09-14,"['APOLLOHOSP', 'PVR', 'SAIL']",Results on 14 Sep 2020
2020-09-15,['VEDL'],Results on 15 Sep 2020
2020-10-07,['TCS'],Results on 07 Oct 2020
2020-10-12,['WIPRO'],Results on 12 Oct 2020
2020-10-13,['WIPRO'],Results on 13 Oct 2020
2020-10-14,['INFY'],Results on 14 Oct 2020
2020-10-15,['MINDTREE'],Results on 15 Oct 2020
2020-10-16,"['HCLTECH', 'FEDERALBNK']",Results on 16 Oct 2020
2020-10-17,['HDFCBANK'],Results on 17 Oct 2020
2020-10-19,"['HDFCLIFE', 'BRITANNIA', 'ACC']",Results on 19 Oct 2020
2020-10-20,['HINDUNILVR'],Results on 20 Oct 2020
2020-10-21,"['ULTRACEMCO', 'BAJFINANCE', 'BAJAJFINSV', 'COLPAL']",Results on 21 Oct 2020
2020-10-22,"['INFRATEL', 'ASIANPAINT', 'AMBUJACEM', 'BIOCON', 'L&TFH', 'BAJAJ-AUTO']",Results on 22 Oct 2020
2020-10-23,"['COFORGE', 'JSWSTEEL', 'TECHM']",Results on 23 Oct 2020
2020-10-24,['VEDL'],Results on 24 Oct 2020
2020-10-26,"['TORNTPHARM', 'SBILIFE', 'KOTAKBANK', 'M&MFIN']",Results on 26 Oct 2020
2020-10-27,"['AMARAJABAT', 'BHARTIARTL', 'ICICIPRULI', 'TATAMOTORS']",Results on 27 Oct 2020
2020-10-28,"['DRREDDY', 'RBLBANK', 'AXISBANK', 'CUMMINSIND', 'HEROMOTOCO', 'TITAN', 'PEL', 'MARICO', 'LT']",Results on 28 Oct 2020
2020-10-29,"['TVSMOTOR', 'CANBK', 'SRTRANSFIN', 'CHOLAFIN', 'MARUTI', 'HAVELLS', 'IDEA', 'BANKBARODA', 'INDIGO', 'BPCL', 'TATACHEM']",Results on 29 Oct 2020
2020-10-30,"['UPL', 'MFSL', 'IOC', 'DLF', 'INDUSINDBK', 'JINDALSTEL', 'RELIANCE']",Results on 30 Oct 2020
2020-10-31,"['ICICIBANK', 'IDFCFIRSTB']",Results on 31 Oct 2020
2020-11-02,"['CADILAHC', 'ZEEL', 'BANDHANBNK', 'NTPC', 'PNB', 'HDFC', 'RAMCOCEM', 'ESCORTS']",Results on 02 Nov 2020
2020-11-03,"['MUTHOOTFIN', 'SUNPHARMA', 'PVR', 'GODREJPROP', 'DABUR', 'ADANIPORTS']",Results on 03 Nov 2020
2020-11-04,"['PETRONET', 'LUPIN', 'PIDILITIND', 'SRF', 'APOLLOTYRE', 'ADANIENT', 'SBIN', 'MCDOWELL-N', 'HINDPETRO']",Results on 04 Nov 2020
2020-11-05,"['TORNTPOWER', 'GODREJCP', 'CONCOR', 'BERGEPAINT']",Results on 05 Nov 2020
2020-11-06,"['MANAPPURAM', 'RECLTD', 'ITC', 'BOSCHLTD', 'BHEL', 'BALKRISIND', 'CIPLA', 'TATACONSUM', 'GLENMARK', 'MRF', 'VEDL', 'UBL', 'ASHOKLEY', 'SAIL', 'BEL', 'VOLTAS']",Results on 06 Nov 2020
2020-11-07,['DIVISLAB'],Results on 07 Nov 2020
2020-11-09,['L&TFH'],Results on 09 Nov 2020
2020-11-10,"['NMDC', 'M&M', 'MOTHERSUMI', 'EXIDEIND', 'GMRINFRA', 'GAIL', 'TATAPOWER', 'BATAINDIA', 'NAUKRI', 'HINDALCO']",Results on 10 Nov 2020
2020-11-11,"['APOLLOHOSP', 'SHREECEM', 'IBULHSGFIN', 'COALINDIA', 'LICHSGFIN', 'POWERGRID', 'IGL', 'AUROPHARMA', 'BHARATFORG', 'NATIONALUM']",Results on 11 Nov 2020
2020-11-12,"['SUNTV', 'EICHERMOT', 'PAGEIND', 'MGL', 'PFC', 'GRASIM', 'JUBLFOOD']",Results on 12 Nov 2020
2020-11-13,"['ONGC', 'TATASTEEL']",Results on 13 Nov 2020
2020-11-25,['SIEMENS'],Results on 25 Nov 2020
2020-12-10,['CANBK'],Results on 10 Dec 2020
2020-12-12,['POWERGRID'],Results on 12 Dec 2020
2020-12-18,['PVR'],Results on 18 Dec 2020
2020-12-30,['PFC'],Results on 30 Dec 2020
2021-01-08,['TCS'],Results on 08 Jan 2021
2021-01-13,"['INFY', 'WIPRO']",Results on 13 Jan 2021
2021-01-15,"['PVR', 'L&TFH', 'HCLTECH', 'GAIL']",Results on 15 Jan 2021
2021-01-16,['HDFCBANK'],Results on 16 Jan 2021
2021-01-18,"['MINDTREE', 'L&TFH']",Results on 18 Jan 2021
2021-01-19,['ICICIGI'],Results on 19 Jan 2021
2021-01-20,"['HAVELLS', 'BAJFINANCE', 'BAJAJFINSV', 'HDFCAMC', 'FEDERALBNK']",Results on 20 Jan 2021
2021-01-21,"['ASIANPAINT', 'SRF', 'BANDHANBNK', 'BIOCON', 'BAJAJ-AUTO', 'JINDALSTEL']",Results on 21 Jan 2021
2021-01-22,"['APOLLOHOSP', 'SBILIFE', 'HDFCLIFE', 'JSWSTEEL', 'RELIANCE']",Results on 22 Jan 2021
2021-01-23,['ULTRACEMCO'],Results on 23 Jan 2021
2021-01-25,"['KOTAKBANK', 'LT']",Results on 25 Jan 2021
2021-01-27,"['CANBK', 'BANKBARODA', 'AXISBANK', 'ICICIPRULI', 'HINDUNILVR', 'MCDOWELL-N', 'MARICO', 'NATIONALUM']",Results on 27 Jan 2021
2021-01-28,"['TVSMOTOR', 'COFORGE', 'SRTRANSFIN', 'LUPIN', 'MARUTI', 'PIDILITIND', 'RBLBANK', 'INDUSTOWER', 'COLPAL', 'UBL', 'CUMMINSIND', 'INDIGO', 'BEL', 'M&MFIN', 'TATACHEM', 'AARTIIND']",Results on 28 Jan 2021
2021-01-29,"['UPL', 'DRREDDY', 'MANAPPURAM', 'EXIDEIND', 'SUNPHARMA', 'CHOLAFIN', 'CIPLA', 'LALPATHLAB', 'IOC', 'INDUSINDBK', 'VEDL', 'DABUR', 'LICHSGFIN', 'SAIL', 'TATAMOTORS']",Results on 29 Jan 2021
2021-01-30,"['SHREECEM', 'ICICIBANK', 'TECHM', 'IDFCFIRSTB']",Results on 30 Jan 2021
2021-02-02,"['TATACONSUM', 'HDFC', 'ESCORTS']",Results on 02 Feb 2021
2021-02-03,"['BHARTIARTL', 'APOLLOTYRE', 'ADANIENT', 'RAMCOCEM', 'JUBLFOOD']",Results on 03 Feb 2021
2021-02-04,"['RECLTD', 'ZEEL', 'NTPC', 'GODREJPROP', 'SBIN', 'HEROMOTOCO', 'CONCOR', 'TATAPOWER', 'HINDPETRO']",Results on 04 Feb 2021
2021-02-05,"['CADILAHC', 'M&M', 'BRITANNIA', 'PNB']",Results on 05 Feb 2021
2021-02-06,"['DIVISLAB', 'BHEL']",Results on 06 Feb 2021
2021-02-08,"['SUNTV', 'NMDC', 'TORNTPHARM', 'BALKRISIND', 'GODREJCP', 'BPCL']",Results on 08 Feb 2021
2021-02-09,"['MUTHOOTFIN', 'MFSL', 'TORNTPOWER', 'MGL', 'ADANIPORTS', 'TATASTEEL', 'BERGEPAINT']",Results on 09 Feb 2021
2021-02-10,"['EICHERMOT', 'PAGEIND', 'GAIL', 'TITAN', 'IGL', 'AUROPHARMA', 'BATAINDIA', 'HINDALCO']",Results on 10 Feb 2021
2021-02-11,"['ITC', 'PETRONET', 'BOSCHLTD', 'COALINDIA', 'MRF', 'ACC', 'PFC', 'ASHOKLEY', 'PEL', 'POWERGRID']",Results on 11 Feb 2021
2021-02-12,"['APOLLOHOSP', 'MOTHERSUMI', 'IBULHSGFIN', 'ONGC', 'GLENMARK', 'GMRINFRA', 'GRASIM', 'SIEMENS', 'VOLTAS', 'BHARATFORG', 'NATIONALUM', 'NAUKRI']",Results on 12 Feb 2021
2021-02-13,"['AMARAJABAT', 'IDEA']",Results on 13 Feb 2021
2021-02-17,['BHARTIARTL'],Results on 17 Feb 2021
2021-02-18,"['AMBUJACEM', 'IDFCFIRSTB']",Results on 18 Feb 2021
2021-02-19,['MUTHOOTFIN'],Results on 19 Feb 2021
2021-02-26,['PFC'],Results on 26 Feb 2021
2021-04-12,['TCS'],Results on 12 Apr 2021
2021-04-14,['INFY'],Results on 14 Apr 2021
2021-04-15,['WIPRO'],Results on 15 Apr 2021
2021-04-16,['MINDTREE'],Results on 16 Apr 2021
2021-04-17,"['HDFCBANK', 'ICICIGI']",Results on 17 Apr 2021
2021-04-19,"['ACC', 'ICICIPRULI']",Results on 19 Apr 2021
2021-04-22,['INDUSTOWER'],Results on 22 Apr 2021
2021-04-23,"['HCLTECH', 'M&MFIN']",Results on 23 Apr 2021
2021-04-24,['ICICIBANK'],Results on 24 Apr 2021
2021-04-26,"['HDFCLIFE', 'AUBANK', 'TECHM']",Results on 26 Apr 2021
2021-04-27,"['TVSMOTOR', 'MARUTI', 'BAJFINANCE', 'BRITANNIA', 'HDFCAMC', 'AXISBANK', 'NAM-INDIA']",Results on 27 Apr 2021
2021-04-28,"['BIOCON', 'BAJAJFINSV']",Results on 28 Apr 2021
2021-04-29,"['SRTRANSFIN', 'EXIDEIND', 'AMBUJACEM', 'L&TFH', 'HINDUNILVR', 'TITAN', 'BAJAJ-AUTO']",Results on 29 Apr 2021
2021-04-30,"['TRENT', 'INDUSINDBK', 'MARICO', 'RELIANCE']",Results on 30 Apr 2021
2021-05-03,"['SBILIFE', 'KOTAKBANK', 'GODREJPROP', 'LTTS', 'TATACHEM']",Results on 03 May 2021
2021-05-04,"['LTI', 'RBLBANK', 'APLLTD', 'ADANIPORTS']",Results on 04 May 2021
2021-05-05,"['SRF', 'ADANIENT', 'TATASTEEL', 'DEEPAKNTR']",Results on 05 May 2021
2021-05-06,"['COFORGE', 'TATACONSUM', 'HEROMOTOCO']",Results on 06 May 2021
2021-05-07,"['ULTRACEMCO', 'CHOLAFIN', 'NAVINFLUOR', 'DABUR', 'HDFC']",Results on 07 May 2021
2021-05-08,"['BANDHANBNK', 'IDFCFIRSTB']",Results on 08 May 2021
2021-05-11,"['GRANULES', 'GODREJCP', 'SIEMENS', 'AARTIIND']",Results on 11 May 2021
2021-05-12,"['UPL', 'LUPIN', 'PIDILITIND', 'ASIANPAINT', 'APOLLOTYRE', 'TATAPOWER', 'VOLTAS', 'JINDALSTEL']",Results on 12 May 2021
2021-05-13,"['MPHASIS', 'VEDL', 'PEL']",Results on 13 May 2021
2021-05-14,"['DRREDDY', 'BALKRISIND', 'CIPLA', 'PNB', 'LT', 'ESCORTS']",Results on 14 May 2021
2021-05-17,"['BHARTIARTL', 'COLPAL', 'FEDERALBNK']",Results on 17 May 2021
2021-05-18,"['CANBK', 'TORNTPHARM', 'PIIND', 'TATAMOTORS']",Results on 18 May 2021
2021-05-19,"['IBULHSGFIN', 'IOC']",Results on 19 May 2021
2021-05-20,"['ZEEL', 'BOSCHLTD', 'HAVELLS', 'TORNTPOWER', 'HINDPETRO']",Results on 20 May 2021
2021-05-21,"['SHREECEM', 'LALPATHLAB', 'JSWSTEEL', 'SBIN', 'MCDOWELL-N', 'CONCOR', 'HINDALCO']",Results on 21 May 2021
2021-05-22,['AMARAJABAT'],Results on 22 May 2021
2021-05-24,"['MGL', 'GRASIM', 'RAMCOCEM']",Results on 24 May 2021
2021-05-25,['ALKEM'],Results on 25 May 2021
2021-05-26,"['MANAPPURAM', 'CUMMINSIND', 'BPCL', 'PFIZER', 'BERGEPAINT']",Results on 26 May 2021
2021-05-27,"['CADILAHC', 'EICHERMOT', 'SUNPHARMA', 'PAGEIND']",Results on 27 May 2021
2021-05-28,"['M&M', 'RECLTD', 'GLENMARK', 'CUB']",Results on 28 May 2021
2021-05-29,"['DIVISLAB', 'BANKBARODA']",Results on 29 May 2021
2021-05-31,['AUROPHARMA'],Results on 31 May 2021
2021-06-01,"['ITC', 'GUJGASLTD']",Results on 01 Jun 2021
2021-06-02,"['MOTHERSUMI', 'MUTHOOTFIN', 'PVR']",Results on 02 Jun 2021
2021-06-03,['BRITANNIA'],Results on 03 Jun 2021
2021-06-04,"['PNB', 'BHARATFORG']",Results on 04 Jun 2021
2021-06-05,['INDIGO'],Results on 05 Jun 2021
2021-06-07,['MRF'],Results on 07 Jun 2021
2021-06-08,"['PETRONET', 'MFSL']",Results on 08 Jun 2021
2021-06-09,"['GAIL', 'BATAINDIA']",Results on 09 Jun 2021
2021-06-10,['SAIL'],Results on 10 Jun 2021
2021-06-11,"['SUNTV', 'BHEL', 'DLF']",Results on 11 Jun 2021
2021-06-14,['COALINDIA'],Results on 14 Jun 2021
2021-06-15,"['PFC', 'LICHSGFIN', 'JUBLFOOD']",Results on 15 Jun 2021
2021-06-17,['POWERGRID'],Results on 17 Jun 2021
2021-06-18,['GMRINFRA'],Results on 18 Jun 2021
2021-06-19,['NTPC'],Results on 19 Jun 2021
2021-06-21,['NAUKRI'],Results on 21 Jun 2021
2021-06-22,"['NMDC', 'BEL']",Results on 22 Jun 2021
2021-06-23,['APOLLOHOSP'],Results on 23 Jun 2021
2021-06-24,"['ONGC', 'ASHOKLEY']",Results on 24 Jun 2021
2021-06-25,['IGL'],Results on 25 Jun 2021
2021-06-28,['NATIONALUM'],Results on 28 Jun 2021
2021-06-29,['IRCTC'],Results on 29 Jun 2021
2021-06-30,['IDEA'],Results on 30 Jun 2021
2021-07-08,['TCS'],Results on 08 Jul 2021
2021-07-13,['MINDTREE'],Results on 13 Jul 2021
2021-07-14,"['INFY', 'LTTS']",Results on 14 Jul 2021
2021-07-15,"['LTI', 'WIPRO']",Results on 15 Jul 2021
2021-07-16,"['L&TFH', 'HDFCAMC']",Results on 16 Jul 2021
2021-07-17,['HDFCBANK'],Results on 17 Jul 2021
2021-07-19,"['HDFCLIFE', 'ACC', 'HCLTECH', 'CUB', 'NAM-INDIA']",Results on 19 Jul 2021
2021-07-20,"['ASIANPAINT', 'BAJFINANCE', 'ICICIPRULI']",Results on 20 Jul 2021
2021-07-21,"['HAVELLS', 'BAJAJFINSV', 'JUBLFOOD']",Results on 21 Jul 2021
2021-07-22,"['ULTRACEMCO', 'BIOCON', 'MPHASIS', 'HINDUNILVR', 'BAJAJ-AUTO', 'ICICIGI']",Results on 22 Jul 2021
2021-07-23,"['AMBUJACEM', 'JSWSTEEL', 'FEDERALBNK', 'MCDOWELL-N', 'RELIANCE']",Results on 23 Jul 2021
2021-07-24,"['ITC', 'ICICIBANK']",Results on 24 Jul 2021
2021-07-26,"['SBILIFE', 'KOTAKBANK', 'NAVINFLUOR', 'DLF', 'APLLTD', 'VEDL', 'AXISBANK', 'LT', 'COROMANDEL', 'M&MFIN']",Results on 26 Jul 2021
2021-07-27,"['DRREDDY', 'CANBK', 'TORNTPHARM', 'GRANULES', 'INDUSINDBK', 'INDIGO', 'RAMCOCEM']",Results on 27 Jul 2021
2021-07-28,"['COFORGE', 'MARUTI', 'SRF', 'MGL', 'UBL', 'PFIZER']",Results on 28 Jul 2021
2021-07-29,"['TVSMOTOR', 'PVR', 'INDUSTOWER', 'COLPAL', 'TECHM', 'LICHSGFIN', 'CONCOR', 'DEEPAKNTR']",Results on 29 Jul 2021
2021-07-30,"['UPL', 'ABFRL', 'SRTRANSFIN', 'EXIDEIND', 'SUNPHARMA', 'CHOLAFIN', 'BHEL', 'LALPATHLAB', 'BANDHANBNK', 'IOC', 'BRITANNIA', 'MARICO', 'PIIND']",Results on 30 Jul 2021
2021-07-31,"['NTPC', 'IDFCFIRSTB']",Results on 31 Jul 2021
2021-08-02,"['RBLBANK', 'PNB', 'HDFC']",Results on 02 Aug 2021
2021-08-03,"['BHARTIARTL', 'TATACONSUM', 'GODREJPROP', 'ADANIENT', 'DABUR', 'ADANIPORTS']",Results on 03 Aug 2021
2021-08-04,"['BOSCHLTD', 'APOLLOTYRE', 'GODREJCP', 'SBIN', 'TITAN', 'HINDPETRO']",Results on 04 Aug 2021
2021-08-05,"['RECLTD', 'IBULHSGFIN', 'CIPLA', 'GAIL', 'ESCORTS', 'TATACHEM', 'GUJGASLTD']",Results on 05 Aug 2021
2021-08-06,"['M&M', 'STAR', 'MUTHOOTFIN', 'ZEEL', 'BALKRISIND', 'ALKEM', 'TORNTPOWER', 'ASTRAL', 'AUBANK', 'METROPOLIS', 'PEL', 'SAIL', 'TATAPOWER', 'BEL', 'CUB', 'VOLTAS', 'NATIONALUM', 'BERGEPAINT', 'HINDALCO', 'AARTIIND']",Results on 06 Aug 2021
2021-08-07,"['DIVISLAB', 'BANKBARODA']",Results on 07 Aug 2021
2021-08-09,"['SHREECEM', 'PETRONET', 'MRF', 'INDHOTEL']",Results on 09 Aug 2021
2021-08-10,"['MANAPPURAM', 'MOTHERSUMI', 'LUPIN', 'MFSL', 'TRENT', 'COALINDIA', 'SIEMENS', 'POWERGRID', 'JINDALSTEL']",Results on 10 Aug 2021
2021-08-11,"['CADILAHC', 'PIDILITIND', 'CUMMINSIND', 'BATAINDIA']",Results on 11 Aug 2021
2021-08-12,"['NMDC', 'EICHERMOT', 'IRCTC', 'PAGEIND', 'PFC', 'HEROMOTOCO', 'ASHOKLEY', 'AUROPHARMA', 'BHARATFORG', 'BPCL', 'TATASTEEL']",Results on 12 Aug 2021
2021-08-13,"['SUNTV', 'APOLLOHOSP', 'ONGC', 'GLENMARK', 'GMRINFRA', 'GRASIM', 'IGL']",Results on 13 Aug 2021
2021-08-14,"['AMARAJABAT', 'IDEA', 'NAUKRI']",Results on 14 Aug 2021
2021-08-19,['AARTIIND'],Results on 19 Aug 2021
2021-08-30,['HAL'],Results on 30 Aug 2021
2021-10-08,['TCS'],Results on 08 Oct 2021
2021-10-11,['DELTACORP'],Results on 11 Oct 2021
2021-10-13,"['INFY', 'WIPRO', 'MINDTREE']",Results on 13 Oct 2021
2021-10-14,['HCLTECH'],Results on 14 Oct 2021
2021-10-16,['HDFCBANK'],Results on 16 Oct 2021
2021-10-18,"['ULTRACEMCO', 'LTI']",Results on 18 Oct 2021
2021-10-19,"['NAVINFLUOR', 'ACC', 'ICICIPRULI', 'HINDUNILVR', 'LTTS']",Results on 19 Oct 2021
2021-10-20,"['HAVELLS', 'L&TFH', 'SYNGENE', 'JUBLFOOD']",Results on 20 Oct 2021
2021-10-21,"['TVSMOTOR', 'ASIANPAINT', 'IEX', 'BIOCON', 'MPHASIS', 'JSWSTEEL', 'CANFINHOME', 'LICHSGFIN', 'CONCOR', 'INDHOTEL', 'INDIAMART', 'ICICIGI']",Results on 21 Oct 2021
2021-10-22,"['POLYCAB', 'PVR', 'TATACONSUM', 'HDFCLIFE', 'FEDERALBNK', 'CROMPTON', 'RELIANCE']",Results on 22 Oct 2021
2021-10-23,['ICICIBANK'],Results on 23 Oct 2021
2021-10-25,"['COFORGE', 'SRF', 'INDUSTOWER', 'COLPAL', 'HDFCAMC', 'TECHM', 'RAMCOCEM']",Results on 25 Oct 2021
2021-10-26,"['CANBK', 'TORNTPHARM', 'KOTAKBANK', 'CIPLA', 'BAJFINANCE', 'LALPATHLAB', 'AMBUJACEM', 'MGL', 'PERSISTENT', 'AXISBANK', 'NAM-INDIA', 'PIIND']",Results on 26 Oct 2021
2021-10-27,"['SBILIFE', 'ITC', 'ZEEL', 'LUPIN', 'MARUTI', 'OFSS', 'TORNTPOWER', 'INDUSINDBK', 'ADANIENT', 'DALBHARAT', 'UBL', 'CUMMINSIND', 'PNB', 'ADANIPORTS', 'TITAN', 'MCDOWELL-N', 'LT', 'BAJAJ-AUTO', 'TATACHEM', 'DEEPAKNTR']",Results on 27 Oct 2021
2021-10-28,"['NTPC', 'DLF', 'RBLBANK', 'BAJAJFINSV', 'AUBANK', 'MARICO', 'TATAPOWER', 'INDIGO', 'COROMANDEL', 'M&MFIN', 'GUJGASLTD']",Results on 28 Oct 2021
2021-10-29,"['UPL', 'DRREDDY', 'CADILAHC', 'SHREECEM', 'RECLTD', 'SRTRANSFIN', 'EXIDEIND', 'CHOLAFIN', 'APOLLOTYRE', 'BANDHANBNK', 'IOC', 'VEDL', 'GAIL', 'OBEROIRLTY', 'DIXON', 'SAIL', 'BEL', 'ESCORTS', 'VOLTAS', 'BPCL']",Results on 29 Oct 2021
2021-10-30,"['IOC', 'IDFCFIRSTB', 'AARTIIND']",Results on 30 Oct 2021
2021-11-01,"['IRCTC', 'CHAMBLFERT', 'WHIRLPOOL', 'HDFC', 'TATAMOTORS']",Results on 01 Nov 2021
2021-11-02,"['BHARTIARTL', 'SUNPHARMA', 'TRENT', 'GODREJPROP', 'DABUR', 'JINDALSTEL', 'HINDPETRO']",Results on 02 Nov 2021
2021-11-03,"['ABFRL', 'GSPL', 'EICHERMOT', 'SBIN', 'BATAINDIA', 'PFIZER']",Results on 03 Nov 2021
2021-11-04,['MUTHOOTFIN'],Results on 04 Nov 2021
2021-11-05,['SUNTV'],Results on 05 Nov 2021
2021-11-06,['DIVISLAB'],Results on 06 Nov 2021
2021-11-08,"['BRITANNIA', 'AUROPHARMA']",Results on 08 Nov 2021
2021-11-09,"['M&M', 'PETRONET', 'BOSCHLTD', 'BHEL', 'MFSL', 'MRF', 'POWERGRID', 'IGL']",Results on 09 Nov 2021
2021-11-10,"['STAR', 'PIDILITIND', 'FSL', 'BANKBARODA', 'METROPOLIS', 'INDIACEM', 'BERGEPAINT']",Results on 10 Nov 2021
2021-11-11,"['NMDC', 'IBULHSGFIN', 'ZEEL', 'PAGEIND', 'BALKRISIND', 'ASTRAL', 'PFC', 'GRASIM', 'HAL', 'PEL', 'TATASTEEL']",Results on 11 Nov 2021
2021-11-12,"['AMARAJABAT', 'APOLLOHOSP', 'MOTHERSUMI', 'GRANULES', 'ONGC', 'ALKEM', 'GLENMARK', 'COALINDIA', 'IDEA', 'GMRINFRA', 'HEROMOTOCO', 'ASHOKLEY', 'CUB', 'BHARATFORG', 'NATIONALUM', 'HINDALCO']",Results on 12 Nov 2021
2021-11-13,"['MANAPPURAM', 'IPCALAB', 'JKCEMENT']",Results on 13 Nov 2021
2021-11-14,['NAUKRI'],Results on 14 Nov 2021
2021-11-24,['SIEMENS'],Results on 24 Nov 2021
2022-01-11,['DELTACORP'],Results on 11 Jan 2022
2022-01-12,"['TCS', 'INFY', 'WIPRO']",Results on 12 Jan 2022
2022-01-13,['MINDTREE'],Results on 13 Jan 2022
2022-01-14,['HCLTECH'],Results on 14 Jan 2022
2022-01-15,['HDFCBANK'],Results on 15 Jan 2022
2022-01-17,['ULTRACEMCO'],Results on 17 Jan 2022
2022-01-18,"['BAJFINANCE', 'ICICIPRULI', 'LTTS']",Results on 18 Jan 2022
2022-01-19,"['LTI', 'OFSS', 'SYNGENE', 'LICHSGFIN', 'TATACOMM', 'BAJAJ-AUTO', 'ICICIGI']",Results on 19 Jan 2022
2022-01-20,"['ASIANPAINT', 'BIOCON', 'MPHASIS', 'PERSISTENT', 'BAJAJFINSV', 'HINDUNILVR', 'CONCOR']",Results on 20 Jan 2022
2022-01-21,"['POLYCAB', 'SBILIFE', 'PVR', 'HDFCLIFE', 'BANDHANBNK', 'JSWSTEEL', 'L&TFH', 'IDEA', 'RELIANCE']",Results on 21 Jan 2022
2022-01-22,['ICICIBANK'],Results on 22 Jan 2022
2022-01-24,"['SRTRANSFIN', 'IEX', 'SBICARD', 'HDFCAMC', 'AXISBANK', 'RAMCOCEM', 'INDIAMART', 'DEEPAKNTR']",Results on 24 Jan 2022
2022-01-25,"['TORNTPHARM', 'MARUTI', 'PIDILITIND', 'SRF', 'CIPLA', 'FEDERALBNK', 'MCDOWELL-N']",Results on 25 Jan 2022
2022-01-27,"['COFORGE', 'CANBK', 'BHEL', 'LAURUSLABS', 'RBLBANK', 'INDUSTOWER', 'COLPAL', 'PNB', 'BSOFT', 'NAM-INDIA']",Results on 27 Jan 2022
2022-01-28,"['DRREDDY', 'STAR', 'KOTAKBANK', 'MFSL', 'BRITANNIA', 'CHAMBLFERT', 'VEDL', 'DALBHARAT', 'AUBANK', 'UBL', 'OBEROIRLTY', 'DIXON', 'MARICO', 'LT', 'BEL', 'CROMPTON', 'NAUKRI', 'ATUL']",Results on 28 Jan 2022
2022-01-29,"['NTPC', 'INDUSINDBK', 'IDFCFIRSTB']",Results on 29 Jan 2022
2022-01-31,"['UPL', 'EXIDEIND', 'SUNPHARMA', 'IOC', 'NAVINFLUOR', 'DLF', 'BPCL', 'HINDPETRO', 'TATAMOTORS']",Results on 31 Jan 2022
2022-02-01,"['ABFRL', 'CHOLAFIN', 'TECHM', 'ADANIPORTS', 'INDHOTEL', 'JINDALSTEL']",Results on 01 Feb 2022
2022-02-02,"['ZEEL', 'APOLLOTYRE', 'TATACONSUM', 'DABUR', 'HDFC', 'M&MFIN', 'JUBLFOOD', 'BALRAMCHIN']",Results on 02 Feb 2022
2022-02-03,"['CADILAHC', 'ITC', 'LUPIN', 'ABCAPITAL', 'TORNTPOWER', 'GODREJPROP', 'GAIL', 'TITAN', 'COROMANDEL', 'PIIND', 'PFIZER']",Results on 03 Feb 2022
2022-02-04,"['SHREECEM', 'RECLTD', 'DIVISLAB', 'ALKEM', 'GNFC', 'ASTRAL', 'FSL', 'SIEMENS', 'INDIGO', 'CUB', 'TATASTEEL']",Results on 04 Feb 2022
2022-02-05,"['BANKBARODA', 'SBIN', 'JKCEMENT', 'AARTIIND']",Results on 05 Feb 2022
2022-02-07,"['TVSMOTOR', 'NATIONALUM']",Results on 07 Feb 2022
2022-02-08,"['IRCTC', 'BHARTIARTL', 'GRANULES', 'MGL', 'GODREJCP', 'IGL', 'ESCORTS', 'BATAINDIA', 'GUJGASLTD']",Results on 08 Feb 2022
2022-02-09,"['IBULHSGFIN', 'PETRONET', 'BOSCHLTD', 'ACC', 'GMRINFRA', 'SAIL', 'POWERGRID', 'TATAPOWER', 'AUROPHARMA', 'BERGEPAINT']",Results on 09 Feb 2022
2022-02-10,"['AMARAJABAT', 'SUNTV', 'NMDC', 'M&M', 'STAR', 'GSPL', 'PAGEIND', 'LALPATHLAB', 'TRENT', 'MRF', 'APLLTD', 'ABB', 'WHIRLPOOL', 'CUMMINSIND', 'HEROMOTOCO', 'HAL', 'PEL', 'BHARATFORG', 'TATACHEM', 'HINDALCO']",Results on 10 Feb 2022
2022-02-11,"['APOLLOHOSP', 'MOTHERSUMI', 'HONAUT', 'DIVISLAB', 'ONGC', 'IDFC', 'GLENMARK', 'PFC', 'METROPOLIS', 'ASHOKLEY', 'VOLTAS', 'INDIACEM']",Results on 11 Feb 2022
2022-02-12,"['HINDCOPPER', 'MUTHOOTFIN']",Results on 12 Feb 2022
2022-02-14,"['MANAPPURAM', 'EICHERMOT', 'BALKRISIND', 'NBCC', 'COALINDIA', 'ADANIENT', 'GRASIM', 'IPCALAB']",Results on 14 Feb 2022
2022-02-17,['AMBUJACEM'],Results on 17 Feb 2022
2022-02-25,['RAIN'],Results on 25 Feb 2022
2022-03-02,['UPL'],Results on 02 Mar 2022
2022-03-25,['ATUL'],Results on 25 Mar 2022
2022-03-31,['GAIL'],Results on 31 Mar 2022
2022-04-11,"['TCS', 'DELTACORP']",Results on 11 Apr 2022
2022-04-13,['INFY'],Results on 13 Apr 2022
2022-04-16,"['HDFCBANK', 'ICICIPRULI']",Results on 16 Apr 2022
2022-04-18,['MINDTREE'],Results on 18 Apr 2022
2022-04-19,"['LTI', 'ACC']",Results on 19 Apr 2022
2022-04-21,"['NESTLEIND', 'HCLTECH', 'TATACOMM', 'LTTS', 'ICICIGI']",Results on 21 Apr 2022
2022-04-23,['ICICIBANK'],Results on 23 Apr 2022
2022-04-26,"['BAJFINANCE', 'HDFCLIFE', 'AUBANK', 'UBL', 'NAM-INDIA', 'ATUL']",Results on 26 Apr 2022
2022-04-27,"['IEX', 'TRENT', 'PERSISTENT', 'SYNGENE', 'HDFCAMC', 'HINDUNILVR', 'INDHOTEL', 'BAJAJ-AUTO']",Results on 27 Apr 2022
2022-04-28,"['SRTRANSFIN', 'SBILIFE', 'LAURUSLABS', 'AMBUJACEM', 'BIOCON', 'MPHASIS', 'VEDL', 'BAJAJFINSV', 'AXISBANK', 'COROMANDEL', 'INDIAMART']",Results on 28 Apr 2022
2022-04-29,"['ULTRACEMCO', 'MARUTI', 'WIPRO', 'SBICARD', 'L&TFH', 'CANFINHOME', 'INDUSINDBK', 'TATACHEM']",Results on 29 Apr 2022
2022-04-30,['IDFCFIRSTB'],Results on 30 Apr 2022
2022-05-02,"['BRITANNIA', 'APLLTD', 'HDFC', 'M&MFIN']",Results on 02 May 2022
2022-05-03,"['GODREJPROP', 'ADANIENT', 'HEROMOTOCO', 'TITAN', 'TATASTEEL']",Results on 03 May 2022
2022-05-04,"['KOTAKBANK', 'OFSS', 'HAVELLS', 'TATACONSUM', 'ABB', 'RAIN', 'DEEPAKNTR']",Results on 04 May 2022
2022-05-05,"['TVSMOTOR', 'EXIDEIND', 'CHOLAFIN', 'FSL', 'INDUSTOWER', 'DABUR', 'INTELLECT', 'MARICO', 'VOLTAS']",Results on 05 May 2022
2022-05-06,"['CANBK', 'FEDERALBNK', 'TATAPOWER', 'RELIANCE']",Results on 06 May 2022
2022-05-07,['NAVINFLUOR'],Results on 07 May 2022
2022-05-09,"['UPL', 'SRF', 'PVR', 'GNFC', 'DALBHARAT']",Results on 09 May 2022
2022-05-10,"['POLYCAB', 'ASIANPAINT', 'CIPLA', 'MFSL', 'TORNTPOWER', 'MGL', 'MRF', 'IDEA', 'GUJGASLTD']",Results on 10 May 2022
2022-05-11,"['PETRONET', 'PNB', 'ADANIPORTS']",Results on 11 May 2022
2022-05-12,"['COFORGE', 'HONAUT', 'GSPL', 'APOLLOTYRE', 'ABCAPITAL', 'RBLBANK', 'SIEMENS', 'LT', 'TATAMOTORS']",Results on 12 May 2022
2022-05-13,"['RECLTD', 'EICHERMOT', 'BALKRISIND', 'ALKEM', 'BANDHANBNK', 'BANKBARODA', 'SBIN', 'TECHM', 'HAL', 'ESCORTS']",Results on 13 May 2022
2022-05-16,"['MCX', 'BHARATFORG']",Results on 16 May 2022
2022-05-17,"['BHARTIARTL', 'ABBOTINDIA', 'LALPATHLAB', 'IOC', 'DLF', 'GMRINFRA', 'PIIND']",Results on 17 May 2022
2022-05-18,"['ABFRL', 'MANAPPURAM', 'GRANULES', 'ITC', 'LUPIN', 'PIDILITIND', 'LICHSGFIN', 'IGL', 'INDIGO']",Results on 18 May 2022
2022-05-19,"['DRREDDY', 'BOSCHLTD', 'CHAMBLFERT', 'GODREJCP', 'ASHOKLEY', 'CONCOR', 'HINDPETRO']",Results on 19 May 2022
2022-05-20,"['AMARAJABAT', 'IBULHSGFIN', 'NTPC', 'IDFC', 'ZYDUSLIFE', 'PFIZER']",Results on 20 May 2022
2022-05-21,"['SHREECEM', 'BHEL', 'POWERGRID', 'JKCEMENT']",Results on 21 May 2022
2022-05-23,"['DIVISLAB', 'SAIL', 'BEL', 'RAMCOCEM', 'BSOFT']",Results on 23 May 2022
2022-05-24,"['STAR', 'METROPOLIS', 'GRASIM', 'ADANIPORTS', 'IPCALAB', 'BALRAMCHIN']",Results on 24 May 2022
2022-05-25,"['APOLLOHOSP', 'TORNTPHARM', 'COALINDIA', 'PFC', 'WHIRLPOOL', 'INDIGO', 'BATAINDIA', 'NATIONALUM', 'BPCL']",Results on 25 May 2022
2022-05-26,"['NMDC', 'MOTHERSUMI', 'MUTHOOTFIN', 'ZEEL', 'PAGEIND', 'COLPAL', 'CUMMINSIND', 'OBEROIRLTY', 'PEL', 'BERGEPAINT', 'HINDALCO']",Results on 26 May 2022
2022-05-27,"['SUNTV', 'JSWSTEEL', 'ASTRAL', 'GLENMARK', 'GAIL', 'MCDOWELL-N', 'RAMCOCEM', 'CUB', 'CROMPTON', 'NAUKRI', 'INDIACEM', 'JINDALSTEL', 'AARTIIND']",Results on 27 May 2022
2022-05-28,"['HINDCOPPER', 'M&M', 'ONGC']",Results on 28 May 2022
2022-05-30,"['IRCTC', 'SUNPHARMA', 'NBCC', 'DIXON', 'AUROPHARMA', 'JUBLFOOD', 'JINDALSTEL']",Results on 30 May 2022
2022-06-30,['RECLTD'],Results on 30 Jun 2022
2022-07-08,['TCS'],Results on 08 Jul 2022
2022-07-12,"['HCLTECH', 'DELTACORP']",Results on 12 Jul 2022
2022-07-13,['MINDTREE'],Results on 13 Jul 2022
2022-07-14,"['LTI', 'ACC']",Results on 14 Jul 2022
2022-07-15,"['FEDERALBNK', 'OBEROIRLTY', 'LTTS', 'JINDALSTEL']",Results on 15 Jul 2022
2022-07-16,"['HDFCBANK', 'ICICIPRULI', 'BEL']",Results on 16 Jul 2022
2022-07-19,"['POLYCAB', 'HDFCLIFE', 'AMBUJACEM', 'L&TFH', 'AUBANK', 'HINDUNILVR', 'ICICIGI']",Results on 19 Jul 2022
2022-07-20,"['OFSS', 'HAVELLS', 'WIPRO', 'INDUSINDBK', 'SYNGENE', 'TATACOMM']",Results on 20 Jul 2022
2022-07-21,"['SRF', 'PVR', 'MPHASIS', 'RBLBANK', 'CANFINHOME', 'PERSISTENT', 'INDIAMART']",Results on 21 Jul 2022
2022-07-22,"['COFORGE', 'ULTRACEMCO', 'BANDHANBNK', 'JSWSTEEL', 'HDFCAMC', 'CROMPTON', 'ATUL', 'RELIANCE']",Results on 22 Jul 2022
2022-07-23,"['KOTAKBANK', 'NAVINFLUOR', 'ICICIBANK']",Results on 23 Jul 2022
2022-07-24,['INFY'],Results on 24 Jul 2022
2022-07-25,"['CANBK', 'IEX', 'TECHM', 'AXISBANK', 'TATASTEEL']",Results on 25 Jul 2022
2022-07-26,"['ASIANPAINT', 'MCDOWELL-N', 'TATAPOWER', 'LT', 'BAJAJ-AUTO']",Results on 26 Jul 2022
2022-07-27,"['MARUTI', 'BAJFINANCE', 'LAURUSLABS', 'BIOCON', 'GAIL', 'COLPAL', 'UBL', 'DIXON', 'COROMANDEL', 'TATAMOTORS']",Results on 27 Jul 2022
2022-07-28,"['NESTLEIND', 'DRREDDY', 'TVSMOTOR', 'SHREECEM', 'SRTRANSFIN', 'SBILIFE', 'LALPATHLAB', 'SBICARD', 'VEDL', 'BAJAJFINSV', 'INTELLECT', 'PNB', 'M&MFIN', 'JUBLFOOD', 'NAM-INDIA']",Results on 28 Jul 2022
2022-07-29,"['STAR', 'TORNTPHARM', 'EXIDEIND', 'SUNPHARMA', 'CHOLAFIN', 'CIPLA', 'IOC', 'NTPC', 'DLF', 'GMRINFRA', 'RAIN', 'ASHOKLEY', 'PEL', 'HDFC']",Results on 29 Jul 2022
2022-07-30,"['BANKBARODA', 'MCX', 'IDFCFIRSTB']",Results on 30 Jul 2022
2022-08-01,"['UPL', 'ITC', 'MFSL', 'RAMCOCEM', 'ESCORTS']",Results on 01 Aug 2022
2022-08-02,"['BOSCHLTD', 'INDUSTOWER', 'GODREJPROP', 'SIEMENS', 'VOLTAS', 'DEEPAKNTR', 'GUJGASLTD']",Results on 02 Aug 2022
2022-08-03,"['LUPIN', 'ABCAPITAL', 'FSL', 'CHAMBLFERT', 'IDEA', 'GODREJCP', 'INDIGO', 'BSOFT', 'PIIND', 'GUJGASLTD']",Results on 03 Aug 2022
2022-08-04,"['MANAPPURAM', 'RECLTD', 'GSPL', 'BHEL', 'BALKRISIND', 'BRITANNIA', 'APLLTD', 'ADANIENT', 'GAIL', 'DALBHARAT', 'DABUR', 'LICHSGFIN', 'CONCOR', 'BEL', 'HINDPETRO', 'BALRAMCHIN', 'BERGEPAINT']",Results on 04 Aug 2022
2022-08-05,"['NMDC', 'ABFRL', 'M&M', 'PETRONET', 'ALKEM', 'TITAN', 'PFIZER']",Results on 05 Aug 2022
2022-08-06,"['AMARAJABAT', 'MGL', 'SBIN', 'MARICO', 'BPCL', 'HINDPETRO']",Results on 06 Aug 2022
2022-08-08,"['BHARTIARTL', 'GNFC', 'TORNTPOWER', 'MOTHERSON', 'WHIRLPOOL', 'ADANIPORTS', 'POWERGRID', 'INDHOTEL', 'CUB', 'NATIONALUM']",Results on 08 Aug 2022
2022-08-09,"['GRANULES', 'IDFC', 'MRF', 'ABB', 'IGL', 'TATACHEM']",Results on 09 Aug 2022
2022-08-10,"['EICHERMOT', 'IRCTC', 'IBULHSGFIN', 'PIDILITIND', 'NBCC', 'ONGC', 'TATACONSUM', 'ABBOTINDIA', 'GNFC', 'GLENMARK', 'COALINDIA', 'METROPOLIS', 'CUMMINSIND', 'SAIL', 'IPCALAB', 'ZYDUSLIFE', 'HINDALCO', 'AARTIIND']",Results on 10 Aug 2022
2022-08-11,"['APOLLOHOSP', 'PAGEIND', 'TRENT', 'AUROPHARMA', 'BATAINDIA', 'BHARATFORG']",Results on 11 Aug 2022
2022-08-12,"['SUNTV', 'MUTHOOTFIN', 'ZEEL', 'DIVISLAB', 'ONGC', 'APOLLOTYRE', 'ASTRAL', 'PFC', 'GRASIM', 'HEROMOTOCO', 'HAL', 'NAUKRI', 'INDIACEM']",Results on 12 Aug 2022
2022-08-13,"['HINDCOPPER', 'HONAUT', 'JKCEMENT']",Results on 13 Aug 2022
2022-08-16,['MOTHERSON'],Results on 16 Aug 2022
2022-10-10,['TCS'],Results on 10 Oct 2022
2022-10-11,['DELTACORP'],Results on 11 Oct 2022
2022-10-12,"['WIPRO', 'HCLTECH']",Results on 12 Oct 2022
2022-10-13,"['INFY', 'MINDTREE']",Results on 13 Oct 2022
2022-10-14,"['SHREECEM', 'FEDERALBNK', 'OBEROIRLTY', 'BAJAJ-AUTO']",Results on 14 Oct 2022
2022-10-15,"['HDFCBANK', 'LTI', 'ICICIPRULI']",Results on 15 Oct 2022
2022-10-17,"['PVR', 'CANFINHOME', 'ACC']",Results on 17 Oct 2022
2022-10-18,"['POLYCAB', 'TATACOMM', 'LTTS', 'ICICIGI']",Results on 18 Oct 2022
2022-10-19,"['NESTLEIND', 'ULTRACEMCO', 'OFSS', 'HAVELLS', 'MFSL', 'NAVINFLUOR', 'INDUSINDBK', 'PERSISTENT', 'AUBANK', 'SYNGENE', 'HDFCAMC', 'NAM-INDIA']",Results on 19 Oct 2022
2022-10-20,"['COFORGE', 'CANBK', 'SRTRANSFIN', 'GRANULES', 'ITC', 'ASIANPAINT', 'IEX', 'BAJFINANCE', 'TATACONSUM', 'MPHASIS', 'L&TFH', 'COLPAL', 'UBL', 'AXISBANK', 'DIXON', 'INDIAMART']",Results on 20 Oct 2022
2022-10-21,"['TORNTPHARM', 'SBILIFE', 'HDFCLIFE', 'LAURUSLABS', 'AMBUJACEM', 'JSWSTEEL', 'DLF', 'BAJAJFINSV', 'HINDUNILVR', 'MCDOWELL-N', 'IGL', 'BSOFT', 'ATUL', 'RELIANCE']",Results on 21 Oct 2022
2022-10-22,"['KOTAKBANK', 'RBLBANK', 'MCX', 'ICICIBANK', 'IGL', 'IDFCFIRSTB']",Results on 22 Oct 2022
2022-10-26,"['DABUR', 'CROMPTON']",Results on 26 Oct 2022
2022-10-27,"['RECLTD', 'SBICARD', 'INDUSTOWER', 'BEL', 'TATACHEM']",Results on 27 Oct 2022
2022-10-28,"['DRREDDY', 'MARUTI', 'BANDHANBNK', 'VEDL', 'INTELLECT', 'TATAPOWER']",Results on 28 Oct 2022
2022-10-29,"['IOC', 'NTPC']",Results on 29 Oct 2022
2022-10-31,"['BHARTIARTL', 'LT', 'TATASTEEL']",Results on 31 Oct 2022
2022-11-01,"['UPL', 'SUNPHARMA', 'CHOLAFIN', 'CHAMBLFERT', 'TECHM', 'WHIRLPOOL', 'LICHSGFIN', 'PNB', 'ADANIPORTS', 'TATAPOWER', 'VOLTAS']",Results on 01 Nov 2022
2022-11-02,"['FSL', 'DALBHARAT', 'M&MFIN']",Results on 02 Nov 2022
2022-11-03,"['AMARAJABAT', 'SRF', 'IDEA', 'ADANIENT', 'RAIN', 'HEROMOTOCO', 'HDFC', 'COROMANDEL', 'HINDPETRO']",Results on 03 Nov 2022
2022-11-04,"['ABFRL', 'TVSMOTOR', 'CIPLA', 'BRITANNIA', 'GAIL', 'CUMMINSIND', 'TITAN', 'MARICO', 'INDIGO', 'CUB', 'ESCORTS']",Results on 04 Nov 2022
2022-11-05,"['BANKBARODA', 'SBIN', 'POWERGRID']",Results on 05 Nov 2022
2022-11-07,"['DIVISLAB', 'ABCAPITAL', 'COALINDIA', 'BPCL', 'INDIACEM']",Results on 07 Nov 2022
2022-11-08,"['HONAUT', 'BOSCHLTD', 'LALPATHLAB', 'MRF', 'GODREJCP', 'METROPOLIS', 'JUBLFOOD', 'PIIND']",Results on 08 Nov 2022
2022-11-09,"['PETRONET', 'LUPIN', 'PIDILITIND', 'GODREJPROP', 'PEL', 'RAMCOCEM', 'NATIONALUM', 'TATAMOTORS', 'DEEPAKNTR', 'BALRAMCHIN']",Results on 09 Nov 2022
2022-11-10,"['APOLLOHOSP', 'GSPL', 'EICHERMOT', 'MUTHOOTFIN', 'PAGEIND', 'GNFC', 'TORNTPOWER', 'TRENT', 'MOTHERSON', 'PFC', 'ASHOKLEY', 'SAIL', 'CONCOR', 'INDHOTEL', 'BATAINDIA', 'JINDALSTEL', 'GUJGASLTD', 'BERGEPAINT']",Results on 10 Nov 2022
2022-11-11,"['SUNTV', 'M&M', 'EXIDEIND', 'ZEEL', 'BHEL', 'ALKEM', 'ASTRAL', 'MGL', 'IDFC', 'GLENMARK', 'ABB', 'HAL', 'IPCALAB', 'NAUKRI', 'ZYDUSLIFE', 'PFIZER', 'HINDALCO']",Results on 11 Nov 2022
2022-11-12,"['HINDCOPPER', 'MANAPPURAM', 'ONGC', 'AUROPHARMA', 'JKCEMENT']",Results on 12 Nov 2022
2022-11-14,"['NMDC', 'IRCTC', 'IBULHSGFIN', 'BALKRISIND', 'NBCC', 'ONGC', 'APOLLOTYRE', 'ABBOTINDIA', 'BIOCON', 'GMRINFRA', 'GRASIM', 'BHARATFORG', 'AARTIIND']",Results on 14 Nov 2022
2022-11-22,['SIEMENS'],Results on 22 Nov 2022
2022-11-25,['IEX'],Results on 25 Nov 2022
2023-01-09,['TCS'],Results on 09 Jan 2023
2023-01-12,"['INFY', 'HCLTECH']",Results on 12 Jan 2023
2023-01-13,"['WIPRO', 'L&TFH']",Results on 13 Jan 2023
2023-01-14,['HDFCBANK'],Results on 14 Jan 2023
2023-01-16,['FEDERALBNK'],Results on 16 Jan 2023
2023-01-17,"['DELTACORP', 'ICICIPRULI', 'ICICIGI']",Results on 17 Jan 2023
2023-01-18,"['OFSS', 'INDUSINDBK', 'PERSISTENT']",Results on 18 Jan 2023
2023-01-19,"['POLYCAB', 'ASIANPAINT', 'HAVELLS', 'PVR', 'MPHASIS', 'CANFINHOME', 'AUBANK', 'HINDUNILVR', 'LTTS', 'INDIAMART']",Results on 19 Jan 2023
2023-01-20,"['COFORGE', 'PETRONET', 'IEX', 'HDFCLIFE', 'BANDHANBNK', 'JSWSTEEL', 'RBLBANK', 'LTIM', 'ATUL', 'RELIANCE']",Results on 20 Jan 2023
2023-01-21,"['ULTRACEMCO', 'SBILIFE', 'KOTAKBANK', 'ICICIBANK', 'IDFCFIRSTB']",Results on 21 Jan 2023
2023-01-23,"['CANBK', 'SYNGENE', 'AXISBANK', 'CONCOR', 'TATACOMM']",Results on 23 Jan 2023
2023-01-24,"['TVSMOTOR', 'GRANULES', 'MARUTI', 'PIDILITIND', 'SBICARD', 'INDUSTOWER', 'COLPAL', 'HDFCAMC', 'MCDOWELL-N']",Results on 24 Jan 2023
2023-01-25,"['AMARAJABAT', 'DRREDDY', 'TORNTPHARM', 'CIPLA', 'DLF', 'DIXON', 'IGL', 'BAJAJ-AUTO', 'TATAMOTORS']",Results on 25 Jan 2023
2023-01-27,"['BAJFINANCE', 'VEDL']",Results on 27 Jan 2023
2023-01-28,"['NTPC', 'BEL']",Results on 28 Jan 2023
2023-01-30,"['RECLTD', 'EXIDEIND', 'BAJAJFINSV', 'TECHM', 'LT', 'NAM-INDIA', 'BPCL']",Results on 30 Jan 2023
2023-01-31,"['SUNPHARMA', 'CHOLAFIN', 'MFSL', 'IOC', 'COALINDIA', 'GODREJCP']",Results on 31 Jan 2023
2023-02-01,"['ASHOKLEY', 'TATACHEM']",Results on 01 Feb 2023
2023-02-02,"['TATACONSUM', 'ABCAPITAL', 'FSL', 'GODREJPROP', 'DABUR', 'TITAN', 'HDFC', 'COROMANDEL', 'CROMPTON', 'BERGEPAINT']",Results on 02 Feb 2023
2023-02-03,"['MANAPPURAM', 'INTELLECT', 'MARICO', 'TATAPOWER', 'M&MFIN']",Results on 03 Feb 2023
2023-02-04,['MCX'],Results on 04 Feb 2023
2023-02-05,['JKCEMENT'],Results on 05 Feb 2023
2023-02-06,['TATASTEEL'],Results on 06 Feb 2023
2023-02-07,"['BHARTIARTL', 'NAVINFLUOR', 'GNFC', 'CHAMBLFERT', 'HEROMOTOCO', 'RAMCOCEM']",Results on 07 Feb 2023
2023-02-08,"['SHREECEM', 'MOTHERSON', 'ESCORTS']",Results on 08 Feb 2023
2023-02-09,['PAGEIND'],Results on 09 Feb 2023
2023-02-10,"['M&M', 'GLENMARK', 'ABB']",Results on 10 Feb 2023
2023-02-11,['BALRAMCHIN'],Results on 11 Feb 2023
2023-02-14,"['BOSCHLTD', 'BIOCON', 'IPCALAB']",Results on 14 Feb 2023
2023-02-16,['NESTLEIND'],Results on 16 Feb 2023
2023-02-27,['RAIN'],Results on 27 Feb 2023
